"basket_value_vnd","customer_segment","customer_age","service_type","city","payment_method","booking_channel","distance_km_clean","estimated_duration_min","time_period","is_weekend","promo_code_used","discount_amount_vnd","traffic_level","weather_condition"
91000,"Corporate",43,"GrabFood","Ho Chi Minh City","Card","Mobile App",2.44,5.8,"Morning","Weekend","None",0,"Low","Cloudy"
247000,"Student",30,"GrabFood","Hai Phong","Card","Mobile App",1.79,6.7,"Afternoon","Weekday","None",0,"Medium","Rain"
279000,"Tourist",56,"GrabMart","Da Nang","Card","Mobile App",3.58,15,"Night","Weekday","WEEKEND",4000,"Medium","Cloudy"
418000,"Working Professional",44,"GrabFood","Da Nang","Corporate Account","Mobile App",2.32,10.8,"Morning","Weekend","WEEKEND",4000,"Low","Cloudy"
275000,"Family",35,"GrabFood","Ho Chi Minh City","Moca Wallet","Mobile App",3.89,19.8,"Morning","Weekend","None",0,"Medium","Clear"
275000,"Student",22,"GrabFood","Ho Chi Minh City","Corporate Account","Mobile App",2.94,13.3,"Early Morning","Weekday","None",0,"Medium","Clear"
272000,"Tourist",58,"GrabMart","Bien Hoa","Moca Wallet","Mobile App",1.65,7.5,"Afternoon","Weekend","WEEKEND",2000,"Medium","Rain"
314000,"Tourist",56,"GrabFood","Ho Chi Minh City","Moca Wallet","Mobile App",2.32,9.2,"Night","Weekday","None",0,"Medium","Clear"
336000,"Student",61,"GrabFood","Hanoi","Moca Wallet","Mobile App",2.69,9.2,"Evening","Weekday","WEEKEND",1000,"Low","Clear"
69000,"Family",56,"GrabMart","Da Nang","Moca Wallet","Partner App",5.75,26.5,"Afternoon","Weekday","None",0,"High","Clear"
47000,"Tourist",30,"GrabFood","Ho Chi Minh City","Cash","Mobile App",5.07,21.7,"Early Morning","Weekday","None",0,"Low","Heavy Rain"
226000,"Family",18,"GrabFood","Hanoi","Moca Wallet","Mobile App",2.51,7.7,"Afternoon","Weekday","LOYALTY",3000,"Low","Clear"
155000,"Corporate",49,"GrabFood","Ho Chi Minh City","Moca Wallet","Mobile App",2.77,7.4,"Morning","Weekday","LOYALTY",4000,"Medium","Cloudy"
123000,"Family",21,"GrabFood","Ho Chi Minh City","Card","Mobile App",1.6,5.2,"Morning","Weekday","None",0,"High","Rain"
116000,"Family",61,"GrabMart","Da Nang","Card","Mobile App",3.15,14.8,"Afternoon","Weekday","FOOD20",3000,"Low","Clear"
118000,"Working Professional",42,"GrabFood","Hanoi","Card","Mobile App",2.11,11.1,"Morning","Weekend","LOYALTY",1000,"Medium","Clear"
449000,"Tourist",37,"GrabFood","Da Nang","Cash","Mobile App",1,3.5,"Evening","Weekday","None",0,"Low","Rain"
161000,"Working Professional",61,"GrabMart","Hanoi","Moca Wallet","Mobile App",2.23,10.4,"Early Morning","Weekday","None",0,"Medium","Clear"
382000,"Tourist",20,"GrabMart","Da Nang","Cash","Mobile App",3.71,16.6,"Night","Weekday","None",0,"Low","Clear"
426000,"Student",21,"GrabFood","Hanoi","Cash","Mobile App",1.79,11.1,"Early Morning","Weekday","FOOD20",2000,"Severe","Clear"
298000,"Tourist",27,"GrabMart","Da Nang","Card","Mobile App",2.48,7.7,"Early Morning","Weekday","None",0,"High","Unknown"
230000,"Student",41,"GrabFood","Ho Chi Minh City","Corporate Account","Mobile App",4.59,20,"Morning","Weekend","RIDE10",2000,"Medium","Clear"
358000,"Working Professional",47,"GrabFood","Hanoi","Card","Mobile App",2.66,12.5,"Early Morning","Weekday","RIDE10",2000,"High","Clear"
392000,"Student",43,"GrabFood","Ho Chi Minh City","Cash","Mobile App",3.95,16.7,"Morning","Weekend","None",0,"Medium","Clear"
55000,"Tourist",30,"GrabMart","Ho Chi Minh City","Card","Mobile App",5.58,25.7,"Early Morning","Weekday","WEEKEND",4000,"Medium","Clear"
57000,"Family",37,"GrabMart","Hanoi","Moca Wallet","Mobile App",2.56,11.6,"Early Morning","Weekday","FOOD20",5000,"High","Clear"
73000,"Corporate",20,"GrabMart","Hanoi","Moca Wallet","Mobile App",13.07,56,"Afternoon","Weekend","RIDE10",6000,"Low","Clear"
2e+05,"Frequent User",56,"GrabFood","Ho Chi Minh City","Moca Wallet","Mobile App",3.88,18.7,"Early Morning","Weekday","None",0,"Medium","Unknown"
156000,"Corporate",27,"GrabMart","Ho Chi Minh City","Moca Wallet","Mobile App",10.22,28.5,"Morning","Weekday","None",0,"Medium","Clear"
364000,"Family",25,"GrabFood","Hanoi","Moca Wallet","Mobile App",3.18,7.6,"Lunch","Weekend","WELCOME",4000,"Low","Unknown"
87000,"Frequent User",46,"GrabFood","Hanoi","Card","Mobile App",2.18,8.2,"Early Morning","Weekday","FOOD20",3000,"Low","Clear"
311000,"Family",44,"GrabFood","Ho Chi Minh City","Corporate Account","Partner App",8.31,23.3,"Lunch","Weekday","None",0,"Medium","Clear"
325000,"Student",54,"GrabFood","Bien Hoa","Card","Mobile App",1.71,5.3,"Morning","Weekend","None",0,"High","Cloudy"
369000,"Working Professional",49,"GrabFood","Hai Phong","Card","Mobile App",6.72,28,"Early Morning","Weekday","WELCOME",9000,"Low","Clear"
204000,"Tourist",60,"GrabFood","Ho Chi Minh City","Card","Mobile App",2.97,12.1,"Morning","Weekend","None",0,"Medium","Clear"
136000,"Tourist",50,"GrabFood","Can Tho","Cash","Mobile App",2.91,9.4,"Lunch","Weekday","LOYALTY",5000,"Low","Cloudy"
176000,"Frequent User",52,"GrabMart","Ho Chi Minh City","Moca Wallet","Mobile App",2.77,17.1,"Morning","Weekday","FOOD20",5000,"High","Cloudy"
198000,"Frequent User",54,"GrabFood","Da Nang","Card","Mobile App",1.06,3.4,"Evening","Weekday","LOYALTY",3000,"Medium","Clear"
146000,"Working Professional",35,"GrabFood","Hanoi","Moca Wallet","Mobile App",7.92,40.1,"Morning","Weekday","WEEKEND",5000,"High","Cloudy"
178000,"Student",46,"GrabMart","Hanoi","Cash","Mobile App",5.48,35.8,"Early Morning","Weekday","WELCOME",3000,"Severe","Clear"
2e+05,"Student",33,"GrabFood","Ho Chi Minh City","Moca Wallet","Mobile App",3.05,15.3,"Afternoon","Weekday","WEEKEND",1000,"Medium","Clear"
141000,"Student",50,"GrabFood","Ho Chi Minh City","Moca Wallet","Mobile App",1.46,11,"Evening","Weekday","None",0,"Severe","Clear"
326000,"Tourist",61,"GrabMart","Can Tho","Moca Wallet","Partner App",5.2,17.9,"Evening","Weekday","WELCOME",3000,"Low","Cloudy"
437000,"Tourist",24,"GrabMart","Da Nang","Card","Mobile App",2.2,9.1,"Lunch","Weekday","WELCOME",5000,"High","Clear"
449000,"Student",29,"GrabMart","Ho Chi Minh City","Cash","Mobile App",3.16,12.2,"Evening","Weekday","FOOD20",7000,"Medium","Clear"
385000,"Working Professional",32,"GrabFood","Ho Chi Minh City","Corporate Account","Mobile App",2.34,8.2,"Evening","Weekday","FOOD20",4000,"Low","Clear"
205000,"Tourist",41,"GrabFood","Da Nang","Moca Wallet","Mobile App",4.06,24.9,"Lunch","Weekday","WEEKEND",2000,"High","Rain"
115000,"Tourist",19,"GrabFood","Da Nang","Cash","Mobile App",2.57,6.3,"Evening","Weekend","None",0,"Low","Clear"
119000,"Frequent User",47,"GrabFood","Bien Hoa","Moca Wallet","Mobile App",2.15,13.5,"Early Morning","Weekday","WELCOME",2000,"High","Cloudy"
302000,"Tourist",38,"GrabFood","Ho Chi Minh City","Cash","Mobile App",8.18,29.2,"Early Morning","Weekday","MART15",10000,"Low","Clear"
261000,"Frequent User",37,"GrabMart","Ho Chi Minh City","Card","Mobile App",3.27,8.8,"Night","Weekday","FOOD20",4000,"Medium","Cloudy"
405000,"Family",46,"GrabFood","Ho Chi Minh City","Moca Wallet","Mobile App",4.77,21.4,"Evening","Weekend","None",0,"High","Cloudy"
441000,"Family",58,"GrabFood","Bien Hoa","Cash","Mobile App",4.02,16.6,"Night","Weekday","MART15",1000,"Low","Clear"
3e+05,"Tourist",58,"GrabFood","Bien Hoa","Moca Wallet","Mobile App",1.36,6.2,"Morning","Weekend","RIDE10",3000,"Medium","Rain"
83000,"Frequent User",18,"GrabMart","Da Nang","Cash","Mobile App",3.42,11,"Evening","Weekend","None",0,"Medium","Rain"
111000,"Frequent User",38,"GrabMart","Hanoi","Corporate Account","Mobile App",0.63,2.6,"Early Morning","Weekday","WELCOME",2000,"Medium","Cloudy"
263000,"Student",18,"GrabFood","Bien Hoa","Card","Mobile App",2.58,10.2,"Lunch","Weekday","RIDE10",2000,"Low","Clear"
102000,"Student",21,"GrabFood","Da Nang","Cash","Mobile App",3.22,17.4,"Afternoon","Weekday","MART15",7000,"Medium","Heavy Rain"
255000,"Family",60,"GrabFood","Nha Trang","Corporate Account","Mobile App",3.19,15.9,"Early Morning","Weekday","None",0,"High","Clear"
394000,"Family",58,"GrabFood","Bien Hoa","Card","Partner App",2.13,6.1,"Afternoon","Weekday","None",0,"Medium","Clear"
216000,"Frequent User",61,"GrabMart","Nha Trang","Card","Mobile App",5.76,29.1,"Morning","Weekday","None",0,"Medium","Clear"
160000,"Frequent User",46,"GrabFood","Hanoi","Moca Wallet","Mobile App",3.85,16.1,"Morning","Weekday","None",0,"Medium","Clear"
177000,"Frequent User",49,"GrabFood","Hanoi","Corporate Account","Mobile App",10.94,57.5,"Early Morning","Weekday","LOYALTY",14000,"Medium","Clear"
98000,"Corporate",20,"GrabFood","Da Nang","Card","Mobile App",3.12,7.7,"Evening","Weekday","None",0,"Medium","Clear"
88000,"Family",22,"GrabMart","Da Nang","Card","Mobile App",6.6,19.9,"Evening","Weekday","RIDE10",10000,"Medium","Heavy Rain"
164000,"Student",54,"GrabFood","Ho Chi Minh City","Cash","Mobile App",2.27,7.9,"Evening","Weekday","WELCOME",2000,"Low","Clear"
185000,"Student",28,"GrabFood","Can Tho","Card","Mobile App",2.09,10.6,"Evening","Weekday","None",0,"Medium","Heavy Rain"
383000,"Frequent User",47,"GrabFood","Hanoi","Cash","Mobile App",3.12,12.4,"Night","Weekday","None",0,"Medium","Rain"
433000,"Tourist",38,"GrabMart","Ho Chi Minh City","Cash","Mobile App",4.07,15.5,"Morning","Weekend","LOYALTY",5000,"Low","Clear"
178000,"Corporate",37,"GrabMart","Da Nang","Card","Mobile App",2.65,17,"Afternoon","Weekday","FOOD20",3000,"High","Clear"
211000,"Working Professional",56,"GrabFood","Hanoi","Card","Mobile App",4.2,18.7,"Afternoon","Weekday","WEEKEND",3000,"Low","Clear"
246000,"Family",39,"GrabMart","Hue","Card","Mobile App",5.34,18,"Lunch","Weekday","None",0,"Medium","Cloudy"
97000,"Tourist",35,"GrabFood","Hanoi","Unknown","Mobile App",1.75,8.2,"Night","Weekday","MART15",1000,"Severe","Clear"
79000,"Tourist",48,"GrabFood","Hai Phong","Moca Wallet","Mobile App",2.87,13.9,"Lunch","Weekday","LOYALTY",3000,"High","Cloudy"
189000,"Student",51,"GrabFood","Da Nang","Card","Mobile App",1.15,7.4,"Evening","Weekday","None",0,"High","Cloudy"
401000,"Corporate",57,"GrabFood","Can Tho","Moca Wallet","Mobile App",3.56,17.6,"Evening","Weekend","WEEKEND",2000,"Medium","Clear"
384000,"Frequent User",59,"GrabFood","Hanoi","Card","Mobile App",2.3,7.7,"Lunch","Weekday","None",0,"High","Rain"
81000,"Student",32,"GrabMart","Ho Chi Minh City","Card","Mobile App",4.78,11.9,"Early Morning","Weekday","LOYALTY",4000,"Low","Clear"
335000,"Corporate",44,"GrabMart","Can Tho","Cash","Mobile App",4.57,17.6,"Early Morning","Weekday","None",0,"High","Clear"
343000,"Frequent User",18,"GrabMart","Hanoi","Moca Wallet","Mobile App",4.89,25.4,"Morning","Weekday","LOYALTY",2000,"High","Clear"
199000,"Working Professional",61,"GrabMart","Hai Phong","Cash","Mobile App",1.97,5.4,"Night","Weekday","None",0,"Medium","Rain"
248000,"Tourist",49,"GrabFood","Ho Chi Minh City","Cash","Mobile App",1.4,7,"Early Morning","Weekend","WEEKEND",3000,"Medium","Cloudy"
405000,"Family",54,"GrabFood","Ho Chi Minh City","Moca Wallet","Mobile App",1.81,5.4,"Night","Weekend","RIDE10",2000,"High","Clear"
212000,"Frequent User",57,"GrabFood","Ho Chi Minh City","Card","Mobile App",1.48,5.3,"Evening","Weekday","WEEKEND",3000,"High","Cloudy"
209000,"Corporate",58,"GrabFood","Hue","Cash","Partner App",1.78,8.4,"Early Morning","Weekday","WEEKEND",4000,"High","Clear"
307000,"Frequent User",46,"GrabFood","Da Nang","Cash","Mobile App",3.12,37.7,"Lunch","Weekend","None",0,"Unknown","Clear"
225000,"Tourist",36,"GrabMart","Hanoi","Cash","Partner App",3.85,20.2,"Evening","Weekday","None",0,"High","Clear"
385000,"Tourist",51,"GrabMart","Ho Chi Minh City","Cash","Mobile App",3.15,12.3,"Morning","Weekday","None",0,"Medium","Clear"
419000,"Corporate",54,"GrabFood","Hanoi","Cash","Mobile App",9.15,35.9,"Morning","Weekday","WELCOME",5000,"Low","Clear"
232000,"Tourist",46,"GrabFood","Hai Phong","Cash","Mobile App",1.79,5.2,"Evening","Weekday","None",0,"Medium","Cloudy"
257000,"Frequent User",27,"GrabFood","Hanoi","Moca Wallet","Mobile App",3.83,23.3,"Morning","Weekend","None",0,"Severe","Clear"
163000,"Frequent User",26,"GrabFood","Bien Hoa","Card","Mobile App",0.65,3.1,"Morning","Weekend","None",0,"Low","Clear"
343000,"Working Professional",60,"GrabFood","Hanoi","Card","Mobile App",1.94,6.5,"Early Morning","Weekday","None",0,"Medium","Clear"
229000,"Family",49,"GrabFood","Nha Trang","Cash","Mobile App",4.52,18.7,"Early Morning","Weekday","None",0,"Low","Clear"
180000,"Corporate",26,"GrabMart","Nha Trang","Moca Wallet","Mobile App",1.09,4.9,"Early Morning","Weekday","None",0,"Low","Clear"
93000,"Student",62,"GrabFood","Hanoi","Moca Wallet","Mobile App",2.76,16.3,"Early Morning","Weekend","None",0,"High","Clear"
365000,"Working Professional",23,"GrabFood","Hanoi","Cash","Mobile App",8.85,25.8,"Afternoon","Weekday","None",0,"Medium","Clear"
312000,"Frequent User",21,"GrabFood","Ho Chi Minh City","Moca Wallet","Mobile App",3.45,18.3,"Morning","Weekday","WEEKEND",6000,"Medium","Cloudy"
285000,"Frequent User",57,"GrabMart","Ho Chi Minh City","Card","Mobile App",2.98,7.9,"Night","Weekday","WEEKEND",3000,"Low","Clear"
245000,"Working Professional",45,"GrabFood","Hanoi","Cash","Mobile App",6.05,20.9,"Night","Weekday","RIDE10",5000,"Medium","Clear"
393000,"Corporate",19,"GrabFood","Can Tho","Cash","Mobile App",4.04,12.6,"Lunch","Weekday","WELCOME",6000,"Low","Cloudy"
353000,"Family",55,"GrabFood","Ho Chi Minh City","Moca Wallet","Mobile App",2.45,9.3,"Early Morning","Weekday","None",0,"Low","Clear"
295000,"Frequent User",23,"GrabFood","Hai Phong","Moca Wallet","Mobile App",1.73,6.8,"Morning","Weekend","WEEKEND",2000,"Low","Clear"
305000,"Student",24,"GrabFood","Can Tho","Cash","Mobile App",5.87,23.7,"Night","Weekday","MART15",5000,"Low","Rain"
154000,"Corporate",39,"GrabFood","Hanoi","Card","Partner App",5.85,16.6,"Early Morning","Weekend","None",0,"Medium","Cloudy"
417000,"Tourist",28,"GrabFood","Ho Chi Minh City","Moca Wallet","Mobile App",1.34,4.1,"Lunch","Weekday","WEEKEND",3000,"Low","Clear"
181000,"Frequent User",57,"GrabFood","Ho Chi Minh City","Card","Mobile App",1.44,3.7,"Night","Weekday","WEEKEND",1000,"Medium","Rain"
324000,"Family",40,"GrabFood","Hanoi","Card","Mobile App",1.94,7.8,"Morning","Weekday","FOOD20",2000,"Low","Clear"
398000,"Frequent User",40,"GrabFood","Ho Chi Minh City","Moca Wallet","Mobile App",3.84,15.5,"Evening","Weekday","WEEKEND",2000,"Medium","Clear"
395000,"Corporate",48,"GrabMart","Ho Chi Minh City","Corporate Account","Mobile App",3.06,16.6,"Evening","Weekend","WEEKEND",5000,"High","Rain"
229000,"Frequent User",36,"GrabFood","Hanoi","Moca Wallet","Mobile App",7.24,37.9,"Morning","Weekday","WELCOME",11000,"High","Clear"
152000,"Tourist",34,"GrabMart","Ho Chi Minh City","Cash","Mobile App",3.68,12.5,"Afternoon","Weekend","None",0,"Low","Cloudy"
218000,"Working Professional",61,"GrabFood","Hanoi","Card","Mobile App",3.78,13.6,"Early Morning","Weekday","None",0,"Medium","Clear"
385000,"Frequent User",49,"GrabFood","Hue","Card","Mobile App",3.49,18.6,"Lunch","Weekend","RIDE10",3000,"High","Clear"
49000,"Corporate",34,"GrabFood","Hai Phong","Cash","Mobile App",0.7,3,"Early Morning","Weekday","FOOD20",2000,"High","Cloudy"
209000,"Frequent User",24,"GrabFood","Hanoi","Cash","Mobile App",1.45,9.8,"Evening","Weekday","None",0,"Severe","Rain"
413000,"Student",54,"GrabFood","Bien Hoa","Card","Mobile App",7.15,26.6,"Morning","Weekday","MART15",8000,"Low","Cloudy"
66000,"Corporate",30,"GrabFood","Hanoi","Corporate Account","Mobile App",1.19,4.8,"Early Morning","Weekday","RIDE10",3000,"Low","Unknown"
128000,"Family",25,"GrabFood","Bien Hoa","Cash","Mobile App",4.1,22.6,"Night","Weekday","None",0,"High","Heavy Rain"
376000,"Working Professional",58,"GrabFood","Nha Trang","Card","Mobile App",1.15,3.4,"Afternoon","Weekday","RIDE10",2000,"High","Rain"
389000,"Student",22,"GrabFood","Ho Chi Minh City","Moca Wallet","Mobile App",5.14,26.8,"Evening","Weekday","None",0,"Medium","Clear"
305000,"Family",53,"GrabFood","Hanoi","Cash","Mobile App",1.26,4.2,"Afternoon","Weekday","None",0,"Low","Clear"
258000,"Family",22,"GrabFood","Da Nang","Card","Mobile App",1.74,6.2,"Evening","Weekday","None",0,"Medium","Cloudy"
129000,"Working Professional",47,"GrabFood","Hanoi","Cash","Mobile App",4.24,22.7,"Evening","Weekend","RIDE10",4000,"Medium","Clear"
361000,"Frequent User",28,"GrabFood","Hanoi","Card","Mobile App",3.12,15.8,"Night","Weekend","RIDE10",4000,"Medium","Cloudy"
218000,"Family",52,"GrabFood","Hanoi","Moca Wallet","Mobile App",2.41,15.8,"Afternoon","Weekday","None",0,"Severe","Clear"
214000,"Corporate",51,"GrabFood","Hanoi","Cash","Mobile App",3.8,16.2,"Afternoon","Weekday","LOYALTY",4000,"High","Clear"
172000,"Family",41,"GrabFood","Da Nang","Cash","Partner App",6.18,20.2,"Evening","Weekday","LOYALTY",7000,"Medium","Cloudy"
87000,"Corporate",47,"GrabMart","Ho Chi Minh City","Card","Mobile App",1.73,7.5,"Morning","Weekend","None",0,"High","Clear"
252000,"Corporate",43,"GrabMart","Hanoi","Card","Mobile App",1.32,6.2,"Lunch","Weekend","RIDE10",3000,"Medium","Cloudy"
153000,"Corporate",51,"GrabMart","Hanoi","Cash","Mobile App",5.88,24.5,"Lunch","Weekday","None",0,"Medium","Clear"
61000,"Working Professional",33,"GrabFood","Hue","Cash","Mobile App",9.14,41,"Morning","Weekday","MART15",12000,"Medium","Clear"
75000,"Corporate",47,"GrabFood","Hanoi","Moca Wallet","Mobile App",2.91,15.9,"Morning","Weekday","None",0,"High","Cloudy"
65000,"Corporate",28,"GrabFood","Hanoi","Cash","Mobile App",4.63,10.7,"Early Morning","Weekend","LOYALTY",4000,"Low","Cloudy"
63000,"Frequent User",60,"GrabFood","Da Nang","Cash","Mobile App",2.21,10.9,"Evening","Weekend","WELCOME",5000,"High","Cloudy"
353000,"Student",44,"GrabFood","Hanoi","Moca Wallet","Mobile App",3.12,4.1,"Early Morning","Weekend","RIDE10",2000,"High","Unknown"
431000,"Tourist",20,"GrabFood","Ho Chi Minh City","Moca Wallet","Mobile App",4.16,26.4,"Evening","Weekday","WEEKEND",5000,"High","Clear"
436000,"Student",25,"GrabFood","Hanoi","Card","Mobile App",3.19,18,"Lunch","Weekend","None",0,"High","Rain"
287000,"Student",47,"GrabFood","Ho Chi Minh City","Cash","Mobile App",2.06,8.2,"Night","Weekday","MART15",2000,"High","Clear"
112000,"Frequent User",47,"GrabFood","Ho Chi Minh City","Cash","Mobile App",4.22,22.9,"Evening","Weekday","None",0,"Medium","Rain"
272000,"Family",47,"GrabFood","Ho Chi Minh City","Cash","Mobile App",4.53,13.6,"Evening","Weekday","FOOD20",7000,"Low","Cloudy"
444000,"Working Professional",30,"GrabFood","Da Nang","Corporate Account","Mobile App",1.43,5.3,"Early Morning","Weekday","None",0,"High","Clear"
380000,"Frequent User",46,"GrabFood","Ho Chi Minh City","Card","Mobile App",2.44,8.5,"Afternoon","Weekday","None",0,"High","Clear"
194000,"Frequent User",34,"GrabFood","Hanoi","Card","Partner App",1.5,5.4,"Evening","Weekend","MART15",2000,"Medium","Clear"
373000,"Working Professional",50,"GrabFood","Hai Phong","Moca Wallet","Mobile App",1.06,5.5,"Afternoon","Weekday","RIDE10",3000,"High","Cloudy"
434000,"Family",62,"GrabFood","Hanoi","Cash","Mobile App",8.33,32.8,"Night","Weekday","RIDE10",3000,"Low","Cloudy"
241000,"Tourist",51,"GrabFood","Hanoi","Card","Web Booking",2.55,17,"Evening","Weekday","None",0,"Severe","Cloudy"
4e+05,"Corporate",49,"GrabMart","Ho Chi Minh City","Cash","Mobile App",2.47,8.2,"Afternoon","Weekday","LOYALTY",1000,"Medium","Clear"
412000,"Working Professional",55,"GrabFood","Ho Chi Minh City","Cash","Mobile App",1.45,5.3,"Early Morning","Weekend","None",0,"Low","Clear"
332000,"Tourist",25,"GrabFood","Da Nang","Cash","Mobile App",3.37,18.6,"Afternoon","Weekday","RIDE10",3000,"Medium","Clear"
393000,"Frequent User",59,"GrabMart","Bien Hoa","Cash","Partner App",2.02,12.3,"Early Morning","Weekday","None",0,"High","Clear"
243000,"Tourist",46,"GrabFood","Ho Chi Minh City","Moca Wallet","Mobile App",4.98,24,"Morning","Weekday","WELCOME",5000,"High","Clear"
117000,"Tourist",25,"GrabFood","Ho Chi Minh City","Card","Mobile App",4.09,18,"Morning","Weekend","None",0,"High","Clear"
73000,"Working Professional",37,"GrabFood","Ho Chi Minh City","Cash","Mobile App",1.21,3.1,"Afternoon","Weekday","LOYALTY",1000,"Medium","Cloudy"
240000,"Corporate",30,"GrabFood","Hanoi","Moca Wallet","Mobile App",3.27,13.9,"Early Morning","Weekday","FOOD20",4000,"Low","Rain"
115000,"Corporate",56,"GrabMart","Hanoi","Card","Mobile App",8.44,39.6,"Night","Weekend","None",0,"High","Clear"
307000,"Corporate",40,"GrabFood","Ho Chi Minh City","Corporate Account","Mobile App",6.47,22,"Early Morning","Weekend","None",0,"Low","Clear"
392000,"Frequent User",26,"GrabMart","Ho Chi Minh City","Moca Wallet","Mobile App",7.36,26.3,"Morning","Weekday","None",0,"High","Rain"
95000,"Family",43,"GrabFood","Bien Hoa","Cash","Mobile App",1.43,5.9,"Afternoon","Weekday","None",0,"High","Cloudy"
258000,"Tourist",54,"GrabFood","Da Nang","Card","Mobile App",3.31,21,"Afternoon","Weekend","WEEKEND",7000,"High","Cloudy"
343000,"Tourist",42,"GrabFood","Ho Chi Minh City","Cash","Partner App",3.61,13.2,"Early Morning","Weekday","None",0,"Low","Clear"
192000,"Working Professional",59,"GrabMart","Da Nang","Card","Mobile App",2.6,12.3,"Early Morning","Weekend","RIDE10",2000,"Low","Clear"
208000,"Frequent User",41,"GrabFood","Hanoi","Corporate Account","Partner App",0.6,3.3,"Afternoon","Weekday","LOYALTY",1000,"Medium","Cloudy"
4e+05,"Frequent User",30,"GrabFood","Ho Chi Minh City","Cash","Mobile App",1.61,6.5,"Evening","Weekday","None",0,"High","Cloudy"
121000,"Corporate",30,"GrabMart","Hanoi","Cash","Mobile App",5.62,25.7,"Afternoon","Weekend","FOOD20",7000,"Medium","Clear"
425000,"Frequent User",42,"GrabMart","Hai Phong","Moca Wallet","Mobile App",3.95,21.3,"Afternoon","Weekday","LOYALTY",2000,"Medium","Clear"
310000,"Family",29,"GrabFood","Nha Trang","Moca Wallet","Mobile App",2.44,10.7,"Night","Weekday","None",0,"Medium","Clear"
246000,"Student",24,"GrabFood","Ho Chi Minh City","Card","Mobile App",3.38,20.5,"Afternoon","Weekday","None",0,"Severe","Cloudy"
288000,"Frequent User",51,"GrabFood","Da Nang","Card","Mobile App",1.27,6.4,"Lunch","Weekend","FOOD20",3000,"High","Cloudy"
206000,"Family",62,"GrabMart","Ho Chi Minh City","Card","Mobile App",3.55,12.3,"Afternoon","Weekend","WEEKEND",2000,"Medium","Cloudy"
96000,"Frequent User",52,"GrabMart","Ho Chi Minh City","Cash","Mobile App",6.32,19.4,"Night","Weekend","WELCOME",9000,"Low","Cloudy"
343000,"Family",56,"GrabFood","Hanoi","Card","Mobile App",4.71,20.5,"Early Morning","Weekday","WEEKEND",5000,"High","Rain"
378000,"Corporate",29,"GrabFood","Ho Chi Minh City","Cash","Mobile App",3.02,8.1,"Afternoon","Weekday","None",0,"Low","Rain"
336000,"Tourist",56,"GrabFood","Da Nang","Card","Mobile App",5.79,27.8,"Lunch","Weekend","None",0,"Low","Clear"
171000,"Corporate",25,"GrabFood","Ho Chi Minh City","Cash","Mobile App",0.94,2.7,"Night","Weekend","RIDE10",2000,"Medium","Clear"
405000,"Working Professional",38,"GrabMart","Da Nang","Moca Wallet","Mobile App",7.11,30.6,"Early Morning","Weekend","None",0,"Medium","Cloudy"
383000,"Tourist",46,"GrabFood","Ho Chi Minh City","Cash","Mobile App",2.21,8.5,"Early Morning","Weekday","LOYALTY",4000,"Low","Clear"
251000,"Corporate",25,"GrabFood","Bien Hoa","Cash","Mobile App",3.78,17.4,"Early Morning","Weekday","None",0,"Medium","Clear"
94000,"Frequent User",58,"GrabMart","Hanoi","Cash","Mobile App",11.76,87.4,"Morning","Weekday","WEEKEND",10000,"Severe","Cloudy"
56000,"Frequent User",34,"GrabFood","Ho Chi Minh City","Cash","Mobile App",3.12,20.3,"Night","Weekday","FOOD20",6000,"Low","Clear"
243000,"Tourist",48,"GrabFood","Da Nang","Cash","Mobile App",2.87,7.5,"Evening","Weekday","None",0,"Unknown","Rain"
69000,"Frequent User",41,"GrabFood","Ho Chi Minh City","Cash","Mobile App",1.53,4.2,"Morning","Weekday","None",0,"Medium","Cloudy"
137000,"Family",48,"GrabFood","Ho Chi Minh City","Cash","Mobile App",1.68,9,"Early Morning","Weekday","None",0,"Severe","Cloudy"
435000,"Tourist",31,"GrabMart","Ho Chi Minh City","Cash","Mobile App",2.92,10.3,"Night","Weekend","FOOD20",2000,"Unknown","Cloudy"
327000,"Frequent User",55,"GrabFood","Ho Chi Minh City","Moca Wallet","Mobile App",1.67,3.9,"Early Morning","Weekday","None",0,"Unknown","Clear"
59000,"Frequent User",55,"GrabFood","Can Tho","Card","Partner App",3.19,13.1,"Evening","Weekend","None",0,"Low","Heavy Rain"
135000,"Corporate",21,"GrabFood","Hanoi","Cash","Mobile App",6.28,30.8,"Evening","Weekday","None",0,"Medium","Clear"
89000,"Frequent User",25,"GrabMart","Ho Chi Minh City","Cash","Mobile App",2.21,6.4,"Early Morning","Weekday","FOOD20",1000,"Medium","Clear"
102000,"Family",56,"GrabFood","Ho Chi Minh City","Card","Mobile App",2.83,16,"Lunch","Weekday","FOOD20",5000,"High","Cloudy"
79000,"Frequent User",38,"GrabFood","Hue","Corporate Account","Mobile App",1.22,4.1,"Morning","Weekend","WEEKEND",3000,"Low","Cloudy"
61000,"Corporate",47,"GrabFood","Ho Chi Minh City","Corporate Account","Mobile App",4.08,26,"Lunch","Weekday","LOYALTY",2000,"High","Clear"
109000,"Working Professional",60,"GrabFood","Ho Chi Minh City","Card","Mobile App",4.6,27.3,"Evening","Weekend","None",0,"High","Rain"
273000,"Working Professional",43,"GrabFood","Hai Phong","Card","Mobile App",0.94,2.9,"Night","Weekend","WELCOME",1000,"Low","Clear"
164000,"Tourist",22,"GrabFood","Ho Chi Minh City","Cash","Mobile App",1.66,9,"Evening","Weekend","FOOD20",4000,"Medium","Heavy Rain"
336000,"Frequent User",35,"GrabFood","Ho Chi Minh City","Cash","Mobile App",3.41,15.2,"Lunch","Weekday","None",0,"Low","Clear"
383000,"Family",23,"GrabFood","Hai Phong","Corporate Account","Mobile App",5.21,30.1,"Morning","Weekday","WELCOME",5000,"Severe","Cloudy"
386000,"Family",60,"GrabFood","Ho Chi Minh City","Unknown","Mobile App",8.51,39,"Afternoon","Weekend","WELCOME",7000,"Low","Clear"
70000,"Tourist",30,"GrabFood","Hanoi","Cash","Mobile App",4.64,18.2,"Evening","Weekend","None",0,"Severe","Heavy Rain"
272000,"Student",35,"GrabFood","Ho Chi Minh City","Cash","Mobile App",3.5,11.2,"Afternoon","Weekend","None",0,"Low","Cloudy"
440000,"Frequent User",19,"GrabFood","Nha Trang","Cash","Mobile App",5.34,21.8,"Lunch","Weekday","FOOD20",8000,"Low","Rain"
4e+05,"Corporate",44,"GrabMart","Ho Chi Minh City","Cash","Mobile App",3.65,9.8,"Early Morning","Weekday","None",0,"Low","Clear"
327000,"Tourist",48,"GrabFood","Da Nang","Moca Wallet","Web Booking",3.64,20.6,"Early Morning","Weekday","None",0,"Severe","Clear"
385000,"Student",19,"GrabFood","Da Nang","Corporate Account","Mobile App",6.64,23.1,"Morning","Weekday","WEEKEND",4000,"High","Clear"
136000,"Frequent User",26,"GrabFood","Hanoi","Card","Mobile App",2.63,9.4,"Early Morning","Weekend","None",0,"Medium","Clear"
111000,"Frequent User",33,"GrabMart","Ho Chi Minh City","Moca Wallet","Mobile App",1.62,8.7,"Evening","Weekday","WEEKEND",1000,"Medium","Clear"
356000,"Corporate",41,"GrabFood","Hai Phong","Card","Web Booking",1.74,5.3,"Morning","Weekday","RIDE10",1000,"Medium","Cloudy"
267000,"Tourist",37,"GrabFood","Nha Trang","Cash","Mobile App",1.04,5,"Early Morning","Weekday","FOOD20",3000,"Medium","Cloudy"
350000,"Corporate",59,"GrabFood","Da Nang","Card","Mobile App",2.26,6.6,"Morning","Weekday","None",0,"Low","Clear"
203000,"Student",58,"GrabMart","Ho Chi Minh City","Card","Mobile App",6.33,23.2,"Lunch","Weekday","None",0,"Medium","Cloudy"
312000,"Tourist",42,"GrabFood","Da Nang","Card","Mobile App",4.92,22.2,"Early Morning","Weekday","WEEKEND",2000,"Medium","Clear"
334000,"Student",55,"GrabMart","Ho Chi Minh City","Moca Wallet","Mobile App",0.69,2.1,"Morning","Weekend","LOYALTY",1000,"Medium","Clear"
362000,"Tourist",23,"GrabFood","Can Tho","Cash","Mobile App",3.11,12.9,"Early Morning","Weekday","MART15",4000,"Medium","Clear"
379000,"Tourist",52,"GrabMart","Hai Phong","Card","Mobile App",3.92,11.9,"Morning","Weekend","FOOD20",6000,"Low","Clear"
296000,"Working Professional",44,"GrabFood","Ho Chi Minh City","Cash","Mobile App",1.53,5.6,"Evening","Weekday","WELCOME",4000,"Low","Clear"
309000,"Student",28,"GrabFood","Hanoi","Cash","Mobile App",2.85,14.5,"Morning","Weekday","WELCOME",6000,"High","Cloudy"
341000,"Tourist",35,"GrabMart","Hanoi","Moca Wallet","Mobile App",7.69,35.1,"Morning","Weekday","None",0,"Medium","Cloudy"
135000,"Working Professional",18,"GrabMart","Ho Chi Minh City","Card","Mobile App",5.86,22.1,"Early Morning","Weekday","None",0,"Medium","Clear"
289000,"Working Professional",44,"GrabFood","Hanoi","Moca Wallet","Mobile App",1.19,3.9,"Early Morning","Weekday","RIDE10",1000,"Medium","Rain"
396000,"Student",46,"GrabFood","Ho Chi Minh City","Moca Wallet","Mobile App",2.91,9,"Lunch","Weekday","None",0,"Medium","Cloudy"
356000,"Frequent User",31,"GrabFood","Ho Chi Minh City","Moca Wallet","Mobile App",3.51,14.9,"Early Morning","Weekday","None",0,"Medium","Cloudy"
69000,"Working Professional",43,"GrabFood","Ho Chi Minh City","Card","Mobile App",3.12,12.3,"Morning","Weekday","None",0,"Low","Clear"
398000,"Corporate",41,"GrabFood","Bien Hoa","Card","Mobile App",2.59,7,"Afternoon","Weekday","LOYALTY",4000,"Medium","Cloudy"
87000,"Student",59,"GrabFood","Hanoi","Moca Wallet","Mobile App",1.87,8.1,"Morning","Weekday","LOYALTY",2000,"Low","Clear"
247000,"Corporate",31,"GrabMart","Bien Hoa","Card","Mobile App",4.54,24.4,"Night","Weekday","None",0,"Medium","Rain"
106000,"Frequent User",35,"GrabMart","Hue","Card","Mobile App",4.82,13.9,"Afternoon","Weekend","RIDE10",6000,"Medium","Cloudy"
50000,"Corporate",48,"GrabMart","Hanoi","Card","Mobile App",3.2,9.5,"Evening","Weekday","RIDE10",3000,"Medium","Clear"
161000,"Tourist",34,"GrabFood","Hanoi","Cash","Mobile App",5.73,15.7,"Afternoon","Weekday","None",0,"Low","Heavy Rain"
95000,"Working Professional",41,"GrabFood","Ho Chi Minh City","Card","Mobile App",6.51,48.2,"Early Morning","Weekend","LOYALTY",11000,"Severe","Rain"
247000,"Corporate",60,"GrabFood","Da Nang","Moca Wallet","Mobile App",4.39,15.1,"Early Morning","Weekday","None",0,"Low","Clear"
150000,"Corporate",59,"GrabFood","Ho Chi Minh City","Corporate Account","Mobile App",7.43,19.7,"Afternoon","Weekend","None",0,"Low","Clear"
278000,"Student",29,"GrabFood","Hai Phong","Cash","Web Booking",5.4,20.7,"Early Morning","Weekend","None",0,"Low","Cloudy"
257000,"Frequent User",52,"GrabFood","Hanoi","Cash","Mobile App",2.9,10.8,"Night","Weekend","None",0,"Low","Cloudy"
448000,"Family",23,"GrabFood","Ho Chi Minh City","Cash","Mobile App",3.55,13.1,"Morning","Weekday","LOYALTY",6000,"Medium","Clear"
232000,"Frequent User",45,"GrabFood","Ho Chi Minh City","Card","Mobile App",3.22,17.3,"Lunch","Weekend","None",0,"Medium","Clear"
312000,"Tourist",18,"GrabFood","Da Nang","Moca Wallet","Mobile App",0.7,3.4,"Afternoon","Weekday","RIDE10",3000,"Medium","Unknown"
305000,"Family",44,"GrabMart","Hanoi","Cash","Mobile App",3.12,7.2,"Early Morning","Weekday","None",0,"Low","Cloudy"
309000,"Frequent User",36,"GrabFood","Hanoi","Card","Partner App",6.21,32.8,"Morning","Weekend","MART15",4000,"High","Clear"
360000,"Student",52,"GrabMart","Ho Chi Minh City","Cash","Mobile App",0.66,2.1,"Night","Weekday","None",0,"Low","Cloudy"
152000,"Frequent User",24,"GrabMart","Hue","Cash","Mobile App",4.22,18.8,"Lunch","Weekday","None",0,"Low","Clear"
343000,"Working Professional",25,"GrabFood","Hai Phong","Cash","Mobile App",4.11,16.8,"Early Morning","Weekday","None",0,"Low","Cloudy"
243000,"Tourist",52,"GrabFood","Hanoi","Cash","Mobile App",2.79,15.8,"Night","Weekday","WELCOME",2000,"High","Clear"
396000,"Frequent User",35,"GrabFood","Hanoi","Card","Mobile App",1.9,12,"Early Morning","Weekday","LOYALTY",2000,"High","Cloudy"
201000,"Frequent User",38,"GrabFood","Ho Chi Minh City","Card","Mobile App",10.68,54.9,"Evening","Weekday","None",0,"Medium","Rain"
96000,"Frequent User",56,"GrabMart","Da Nang","Moca Wallet","Mobile App",4.44,10.7,"Early Morning","Weekday","RIDE10",5000,"Low","Clear"
101000,"Tourist",23,"GrabMart","Bien Hoa","Moca Wallet","Mobile App",2.6,7.1,"Lunch","Weekday","None",0,"Medium","Clear"
361000,"Corporate",25,"GrabFood","Hanoi","Moca Wallet","Mobile App",3.37,13.4,"Early Morning","Weekday","WELCOME",3000,"Medium","Clear"
75000,"Tourist",59,"GrabFood","Hanoi","Cash","Mobile App",0.72,3.4,"Evening","Weekend","LOYALTY",1000,"Low","Rain"
150000,"Student",35,"GrabFood","Hai Phong","Moca Wallet","Mobile App",1.7,6,"Early Morning","Weekend","None",0,"Medium","Cloudy"
354000,"Student",49,"GrabFood","Ho Chi Minh City","Cash","Mobile App",1.99,7.8,"Night","Weekend","WELCOME",4000,"High","Rain"
225000,"Student",42,"GrabFood","Da Nang","Moca Wallet","Mobile App",3.31,9.8,"Lunch","Weekend","None",0,"Low","Clear"
216000,"Corporate",41,"GrabFood","Da Nang","Card","Mobile App",1.61,7.9,"Early Morning","Weekend","MART15",5000,"High","Clear"
51000,"Working Professional",26,"GrabFood","Hue","Card","Mobile App",1.64,7,"Early Morning","Weekday","RIDE10",3000,"Severe","Clear"
357000,"Working Professional",38,"GrabFood","Ho Chi Minh City","Cash","Mobile App",3.12,5.1,"Morning","Weekday","RIDE10",3000,"Medium","Clear"
178000,"Tourist",22,"GrabMart","Bien Hoa","Moca Wallet","Mobile App",0.9,4.5,"Morning","Weekday","WEEKEND",2000,"Medium","Cloudy"
445000,"Frequent User",21,"GrabFood","Ho Chi Minh City","Moca Wallet","Mobile App",2.4,11.5,"Early Morning","Weekday","WELCOME",4000,"Low","Clear"
117000,"Corporate",33,"GrabFood","Da Nang","Moca Wallet","Mobile App",2.91,15.9,"Lunch","Weekend","RIDE10",3000,"High","Rain"
63000,"Corporate",20,"GrabFood","Ho Chi Minh City","Cash","Mobile App",1.43,4.5,"Morning","Weekday","None",0,"Medium","Clear"
299000,"Student",44,"GrabMart","Hanoi","Moca Wallet","Mobile App",3.57,21.5,"Early Morning","Weekend","None",0,"High","Cloudy"
305000,"Family",46,"GrabFood","Ho Chi Minh City","Cash","Mobile App",1.23,4.6,"Morning","Weekday","WELCOME",2000,"Medium","Clear"
388000,"Working Professional",51,"GrabFood","Ho Chi Minh City","Moca Wallet","Mobile App",1.07,4,"Evening","Weekday","None",0,"Severe","Clear"
419000,"Family",46,"GrabFood","Hai Phong","Card","Mobile App",6.78,15.4,"Early Morning","Weekday","None",0,"Low","Rain"
87000,"Family",41,"GrabFood","Hue","Card","Mobile App",3.41,21,"Morning","Weekday","None",0,"Severe","Clear"
144000,"Frequent User",34,"GrabFood","Can Tho","Cash","Mobile App",2.54,10.7,"Early Morning","Weekday","None",0,"Low","Unknown"
281000,"Frequent User",60,"GrabMart","Can Tho","Card","Mobile App",4.61,16.1,"Morning","Weekday","FOOD20",7000,"Low","Cloudy"
53000,"Working Professional",42,"GrabFood","Ho Chi Minh City","Corporate Account","Mobile App",2.18,10.1,"Early Morning","Weekday","RIDE10",5000,"Medium","Clear"
355000,"Tourist",40,"GrabFood","Hanoi","Card","Mobile App",1.74,7.2,"Night","Weekday","FOOD20",4000,"Low","Clear"
313000,"Corporate",59,"GrabFood","Can Tho","Card","Mobile App",3.76,14.9,"Evening","Weekday","LOYALTY",4000,"Medium","Cloudy"
412000,"Frequent User",45,"GrabMart","Ho Chi Minh City","Moca Wallet","Mobile App",4.16,18.1,"Afternoon","Weekday","None",0,"Medium","Clear"
216000,"Frequent User",44,"GrabFood","Can Tho","Cash","Mobile App",3.23,7.9,"Night","Weekday","None",0,"Low","Heavy Rain"
91000,"Tourist",49,"GrabFood","Ho Chi Minh City","Cash","Mobile App",4.39,23.9,"Early Morning","Weekday","None",0,"High","Cloudy"
411000,"Working Professional",25,"GrabFood","Ho Chi Minh City","Cash","Mobile App",5.43,25.4,"Morning","Weekday","LOYALTY",8000,"Low","Clear"
218000,"Frequent User",20,"GrabFood","Da Nang","Cash","Mobile App",5.73,21.5,"Early Morning","Weekday","None",0,"High","Cloudy"
236000,"Corporate",35,"GrabFood","Hanoi","Cash","Mobile App",5.04,18.2,"Evening","Weekday","None",0,"Severe","Clear"
227000,"Working Professional",58,"GrabFood","Hai Phong","Card","Mobile App",2.75,7.9,"Early Morning","Weekday","None",0,"Low","Rain"
418000,"Frequent User",40,"GrabFood","Hanoi","Cash","Mobile App",2.64,10.1,"Lunch","Weekday","None",0,"Low","Clear"
390000,"Corporate",47,"GrabMart","Bien Hoa","Corporate Account","Mobile App",4.53,19.3,"Afternoon","Weekday","None",0,"Low","Rain"
147000,"Frequent User",22,"GrabFood","Ho Chi Minh City","Cash","Mobile App",3.43,23.7,"Early Morning","Weekend","None",0,"Severe","Cloudy"
162000,"Frequent User",60,"GrabMart","Da Nang","Card","Mobile App",2.5,11.5,"Lunch","Weekday","WELCOME",4000,"Low","Clear"
281000,"Working Professional",25,"GrabFood","Ho Chi Minh City","Corporate Account","Mobile App",3.59,13.8,"Morning","Weekday","None",0,"Low","Clear"
240000,"Tourist",25,"GrabMart","Da Nang","Card","Mobile App",2.23,10.7,"Morning","Weekday","None",0,"High","Cloudy"
97000,"Tourist",45,"GrabFood","Bien Hoa","Moca Wallet","Mobile App",1.69,7.5,"Lunch","Weekday","None",0,"Medium","Clear"
311000,"Student",61,"GrabFood","Nha Trang","Cash","Mobile App",4.26,18.6,"Early Morning","Weekday","None",0,"Low","Cloudy"
348000,"Tourist",23,"GrabFood","Hanoi","Moca Wallet","Mobile App",5.37,17.5,"Afternoon","Weekday","None",0,"Low","Clear"
302000,"Student",41,"GrabMart","Ho Chi Minh City","Cash","Mobile App",6.87,22,"Morning","Weekday","None",0,"Low","Clear"
154000,"Student",21,"GrabFood","Hanoi","Cash","Web Booking",0.87,2.2,"Lunch","Weekend","LOYALTY",2000,"Low","Clear"
79000,"Working Professional",27,"GrabFood","Ho Chi Minh City","Moca Wallet","Partner App",4.34,11.4,"Early Morning","Weekday","RIDE10",3000,"Low","Clear"
84000,"Family",50,"GrabFood","Hanoi","Card","Mobile App",3.59,22,"Evening","Weekend","None",0,"High","Cloudy"
188000,"Student",21,"GrabFood","Ho Chi Minh City","Card","Mobile App",1.38,7.3,"Lunch","Weekday","None",0,"Medium","Clear"
313000,"Frequent User",61,"GrabFood","Bien Hoa","Cash","Mobile App",2.98,12.6,"Evening","Weekday","WEEKEND",3000,"Low","Cloudy"
67000,"Frequent User",19,"GrabFood","Nha Trang","Moca Wallet","Mobile App",1.63,9.1,"Morning","Weekday","RIDE10",2000,"High","Clear"
386000,"Student",54,"GrabFood","Ho Chi Minh City","Moca Wallet","Mobile App",0.72,3.4,"Lunch","Weekday","WELCOME",1000,"Medium","Cloudy"
48000,"Corporate",35,"GrabFood","Nha Trang","Card","Mobile App",2.34,8.6,"Morning","Weekday","FOOD20",2000,"Severe","Rain"
226000,"Tourist",53,"GrabMart","Ho Chi Minh City","Moca Wallet","Mobile App",5.9,23.9,"Morning","Weekend","None",0,"Medium","Cloudy"
366000,"Working Professional",43,"GrabMart","Hai Phong","Card","Web Booking",4.74,22,"Night","Weekday","LOYALTY",8000,"High","Clear"
153000,"Family",41,"GrabFood","Da Nang","Cash","Mobile App",2.57,10.2,"Morning","Weekend","WEEKEND",4000,"Medium","Clear"
207000,"Working Professional",32,"GrabFood","Bien Hoa","Card","Mobile App",1.97,7.6,"Night","Weekday","None",0,"High","Clear"
287000,"Corporate",25,"GrabMart","Can Tho","Card","Mobile App",6.72,27.4,"Early Morning","Weekend","None",0,"Low","Cloudy"
4e+05,"Corporate",39,"GrabFood","Da Nang","Moca Wallet","Mobile App",1.17,3.4,"Morning","Weekend","MART15",1000,"Low","Unknown"
333000,"Student",19,"GrabFood","Can Tho","Corporate Account","Mobile App",3.45,17,"Afternoon","Weekend","None",0,"High","Clear"
255000,"Student",36,"GrabFood","Ho Chi Minh City","Card","Mobile App",6.2,24.3,"Morning","Weekday","RIDE10",6000,"Unknown","Clear"
111000,"Working Professional",46,"GrabMart","Hanoi","Cash","Mobile App",5.67,29.6,"Evening","Weekday","None",0,"Medium","Clear"
437000,"Family",28,"GrabFood","Ho Chi Minh City","Moca Wallet","Mobile App",6.99,20,"Early Morning","Weekday","None",0,"Unknown","Cloudy"
52000,"Student",42,"GrabMart","Hai Phong","Moca Wallet","Mobile App",5.65,23.9,"Early Morning","Weekday","None",0,"Low","Cloudy"
160000,"Corporate",43,"GrabFood","Ho Chi Minh City","Card","Mobile App",1.17,2.9,"Afternoon","Weekday","RIDE10",4000,"Low","Cloudy"
139000,"Tourist",41,"GrabFood","Hai Phong","Moca Wallet","Mobile App",6.04,20.6,"Night","Weekday","None",0,"Medium","Clear"
270000,"Corporate",38,"GrabFood","Da Nang","Corporate Account","Mobile App",2.37,11.8,"Afternoon","Weekday","LOYALTY",4000,"Medium","Clear"
372000,"Tourist",34,"GrabMart","Bien Hoa","Moca Wallet","Mobile App",4.67,20.4,"Afternoon","Weekday","WELCOME",3000,"Low","Cloudy"
205000,"Tourist",18,"GrabMart","Da Nang","Moca Wallet","Mobile App",1.49,5.7,"Morning","Weekday","None",0,"Medium","Clear"
88000,"Student",30,"GrabFood","Can Tho","Moca Wallet","Mobile App",3.11,13.5,"Lunch","Weekend","FOOD20",5000,"Low","Clear"
74000,"Tourist",39,"GrabFood","Ho Chi Minh City","Card","Mobile App",6.82,21.9,"Morning","Weekday","None",0,"Low","Cloudy"
328000,"Corporate",41,"GrabFood","Hanoi","Cash","Mobile App",2.02,9.6,"Early Morning","Weekday","None",0,"Low","Rain"
4e+05,"Working Professional",27,"GrabFood","Ho Chi Minh City","Cash","Web Booking",4.45,29.9,"Evening","Weekday","LOYALTY",9000,"Severe","Clear"
48000,"Student",35,"GrabFood","Hanoi","Moca Wallet","Mobile App",4.48,21.8,"Afternoon","Weekday","None",0,"Medium","Clear"
355000,"Family",49,"GrabFood","Hanoi","Card","Web Booking",5.83,17.7,"Afternoon","Weekday","None",0,"Low","Clear"
55000,"Frequent User",55,"GrabFood","Hanoi","Moca Wallet","Mobile App",4.19,11.2,"Evening","Weekday","None",0,"Medium","Clear"
354000,"Working Professional",33,"GrabFood","Ho Chi Minh City","Cash","Mobile App",4.67,14.1,"Morning","Weekday","None",0,"Medium","Clear"
72000,"Family",36,"GrabFood","Da Nang","Moca Wallet","Mobile App",2.08,5.1,"Early Morning","Weekday","None",0,"Low","Rain"
448000,"Working Professional",22,"GrabFood","Da Nang","Cash","Mobile App",0.53,2.4,"Evening","Weekday","WEEKEND",1000,"Medium","Cloudy"
73000,"Student",24,"GrabMart","Can Tho","Moca Wallet","Web Booking",1.65,4.2,"Early Morning","Weekday","WELCOME",4000,"Low","Clear"
395000,"Frequent User",61,"GrabFood","Bien Hoa","Card","Mobile App",1.89,8.1,"Lunch","Weekday","None",0,"High","Clear"
291000,"Tourist",56,"GrabMart","Ho Chi Minh City","Moca Wallet","Mobile App",5.12,15.2,"Lunch","Weekday","WELCOME",3000,"Low","Clear"
124000,"Frequent User",62,"GrabMart","Hanoi","Corporate Account","Mobile App",4.79,14.5,"Morning","Weekday","None",0,"High","Rain"
57000,"Corporate",51,"GrabMart","Can Tho","Cash","Mobile App",4.84,15.1,"Lunch","Weekday","None",0,"High","Heavy Rain"
180000,"Corporate",38,"GrabFood","Da Nang","Moca Wallet","Mobile App",2.89,13.7,"Lunch","Weekday","None",0,"Low","Cloudy"
136000,"Frequent User",28,"GrabMart","Hue","Card","Mobile App",1,5.8,"Afternoon","Weekday","WEEKEND",3000,"High","Rain"
273000,"Student",24,"GrabFood","Bien Hoa","Corporate Account","Mobile App",1.6,5.4,"Afternoon","Weekday","RIDE10",3000,"Low","Clear"
411000,"Frequent User",60,"GrabFood","Ho Chi Minh City","Card","Mobile App",1.91,11.9,"Early Morning","Weekend","None",0,"High","Clear"
319000,"Frequent User",41,"GrabFood","Bien Hoa","Moca Wallet","Mobile App",1.94,5.4,"Early Morning","Weekday","None",0,"Low","Clear"
132000,"Family",22,"GrabFood","Bien Hoa","Card","Mobile App",7.68,47.5,"Morning","Weekday","None",0,"High","Rain"
102000,"Working Professional",48,"GrabFood","Nha Trang","Moca Wallet","Mobile App",4.5,11.5,"Morning","Weekday","WELCOME",5000,"Medium","Rain"
434000,"Working Professional",35,"GrabMart","Ho Chi Minh City","Card","Mobile App",1.98,10.9,"Afternoon","Weekend","None",0,"High","Clear"
437000,"Corporate",56,"GrabFood","Nha Trang","Cash","Mobile App",3.68,18.2,"Early Morning","Weekend","None",0,"Medium","Cloudy"
241000,"Student",48,"GrabFood","Ho Chi Minh City","Cash","Partner App",2.98,15.3,"Evening","Weekday","MART15",5000,"Medium","Cloudy"
403000,"Family",23,"GrabFood","Can Tho","Moca Wallet","Partner App",4.61,15.4,"Evening","Weekday","WEEKEND",6000,"Low","Clear"
240000,"Frequent User",38,"GrabMart","Da Nang","Moca Wallet","Partner App",4.43,24,"Early Morning","Weekday","LOYALTY",2000,"High","Clear"
401000,"Student",52,"GrabFood","Da Nang","Card","Mobile App",4.28,22.6,"Lunch","Weekend","WEEKEND",6000,"Medium","Clear"
115000,"Working Professional",39,"GrabFood","Hanoi","Cash","Mobile App",10.62,47.6,"Early Morning","Weekend","None",0,"High","Rain"
232000,"Frequent User",22,"GrabFood","Hue","Cash","Mobile App",1.39,6.1,"Morning","Weekday","RIDE10",2000,"Low","Rain"
155000,"Student",58,"GrabFood","Ho Chi Minh City","Cash","Mobile App",3.43,10.8,"Early Morning","Weekday","None",0,"High","Clear"
377000,"Student",50,"GrabFood","Hanoi","Cash","Mobile App",2.45,15.4,"Early Morning","Weekend","MART15",2000,"Severe","Cloudy"
175000,"Family",54,"GrabFood","Hanoi","Cash","Mobile App",3.15,12.8,"Lunch","Weekday","WELCOME",5000,"Low","Rain"
114000,"Working Professional",38,"GrabFood","Ho Chi Minh City","Cash","Mobile App",7,34.5,"Early Morning","Weekend","LOYALTY",4000,"Medium","Cloudy"
359000,"Student",42,"GrabMart","Hai Phong","Moca Wallet","Mobile App",5.05,12.1,"Evening","Weekday","LOYALTY",3000,"Low","Cloudy"
61000,"Tourist",22,"GrabMart","Hai Phong","Cash","Mobile App",9.31,21.6,"Evening","Weekend","None",0,"Low","Clear"
404000,"Working Professional",60,"GrabFood","Hanoi","Cash","Mobile App",2.43,11.6,"Afternoon","Weekday","None",0,"Medium","Cloudy"
438000,"Tourist",23,"GrabFood","Hanoi","Cash","Mobile App",0.95,3.5,"Night","Weekday","WELCOME",2000,"Low","Clear"
212000,"Student",41,"GrabFood","Ho Chi Minh City","Card","Partner App",1.48,7.8,"Evening","Weekday","None",0,"High","Cloudy"
305000,"Working Professional",50,"GrabFood","Ho Chi Minh City","Card","Mobile App",1.76,7.4,"Morning","Weekday","None",0,"Medium","Clear"
367000,"Family",52,"GrabFood","Ho Chi Minh City","Card","Mobile App",4.23,16.7,"Night","Weekend","None",0,"Medium","Clear"
112000,"Working Professional",44,"GrabFood","Ho Chi Minh City","Moca Wallet","Mobile App",3.57,15.1,"Early Morning","Weekday","WEEKEND",5000,"Low","Cloudy"
340000,"Working Professional",21,"GrabFood","Ho Chi Minh City","Moca Wallet","Mobile App",0.69,4.8,"Night","Weekday","WELCOME",2000,"Severe","Rain"
168000,"Frequent User",27,"GrabFood","Ho Chi Minh City","Card","Mobile App",0.62,2.2,"Lunch","Weekend","None",0,"Medium","Cloudy"
136000,"Family",19,"GrabFood","Ho Chi Minh City","Moca Wallet","Mobile App",5.47,26.3,"Afternoon","Weekday","None",0,"Medium","Rain"
196000,"Tourist",28,"GrabMart","Ho Chi Minh City","Corporate Account","Mobile App",2.05,5.2,"Evening","Weekday","None",0,"Medium","Clear"
180000,"Corporate",46,"GrabFood","Ho Chi Minh City","Cash","Mobile App",3.1,17,"Evening","Weekday","WEEKEND",5000,"Severe","Cloudy"
353000,"Family",19,"GrabFood","Hanoi","Cash","Mobile App",3.12,49.5,"Evening","Weekday","FOOD20",15000,"Medium","Clear"
52000,"Tourist",47,"GrabFood","Ho Chi Minh City","Cash","Mobile App",1.26,6,"Early Morning","Weekday","None",0,"Low","Clear"
314000,"Frequent User",29,"GrabFood","Ho Chi Minh City","Card","Mobile App",2.34,11.6,"Afternoon","Weekday","None",0,"Medium","Clear"
94000,"Frequent User",52,"GrabFood","Hanoi","Cash","Mobile App",4.68,29.9,"Lunch","Weekday","None",0,"High","Cloudy"
47000,"Corporate",39,"GrabFood","Ho Chi Minh City","Cash","Mobile App",1.84,7.8,"Evening","Weekday","WEEKEND",2000,"Low","Cloudy"
318000,"Student",28,"GrabFood","Ho Chi Minh City","Card","Mobile App",4.48,22.9,"Early Morning","Weekday","WELCOME",6000,"High","Clear"
73000,"Working Professional",46,"GrabFood","Da Nang","Cash","Mobile App",1.38,6.2,"Early Morning","Weekday","None",0,"High","Clear"
89000,"Working Professional",19,"GrabFood","Hai Phong","Cash","Mobile App",3.12,25.6,"Night","Weekend","None",0,"High","Clear"
218000,"Corporate",22,"GrabFood","Ho Chi Minh City","Card","Mobile App",3.99,17.2,"Morning","Weekday","WEEKEND",2000,"High","Cloudy"
328000,"Corporate",26,"GrabFood","Ho Chi Minh City","Moca Wallet","Mobile App",2.26,6,"Early Morning","Weekday","None",0,"Medium","Clear"
280000,"Family",25,"GrabFood","Nha Trang","Cash","Mobile App",2.46,9.2,"Night","Weekend","None",0,"High","Rain"
386000,"Frequent User",19,"GrabFood","Ho Chi Minh City","Cash","Mobile App",2.69,11.4,"Early Morning","Weekday","None",0,"Medium","Cloudy"
371000,"Working Professional",40,"GrabFood","Can Tho","Card","Mobile App",3.65,23.4,"Evening","Weekday","None",0,"Severe","Clear"
186000,"Tourist",47,"GrabMart","Nha Trang","Corporate Account","Mobile App",5.26,32.6,"Evening","Weekday","WEEKEND",11000,"High","Cloudy"
208000,"Frequent User",55,"GrabMart","Hue","Card","Mobile App",2.53,13.3,"Evening","Weekday","None",0,"High","Clear"
437000,"Tourist",20,"GrabFood","Hue","Card","Partner App",14.02,35.8,"Evening","Weekday","None",0,"Low","Clear"
385000,"Corporate",53,"GrabMart","Ho Chi Minh City","Card","Mobile App",2.75,10.2,"Morning","Weekend","WELCOME",4000,"High","Cloudy"
151000,"Family",37,"GrabFood","Nha Trang","Card","Mobile App",3.12,7.7,"Early Morning","Weekend","None",0,"Medium","Cloudy"
397000,"Student",62,"GrabFood","Hanoi","Moca Wallet","Mobile App",4.02,19.4,"Morning","Weekday","WELCOME",8000,"Medium","Cloudy"
59000,"Student",30,"GrabFood","Hai Phong","Cash","Mobile App",5.13,30.3,"Early Morning","Weekday","FOOD20",7000,"High","Rain"
3e+05,"Corporate",30,"GrabFood","Ho Chi Minh City","Moca Wallet","Mobile App",1.42,7.8,"Afternoon","Weekday","None",0,"High","Cloudy"
372000,"Working Professional",49,"GrabFood","Ho Chi Minh City","Moca Wallet","Mobile App",0.73,3.6,"Evening","Weekday","None",0,"High","Clear"
423000,"Student",44,"GrabFood","Hanoi","Moca Wallet","Mobile App",0.67,4,"Afternoon","Weekend","RIDE10",3000,"High","Clear"
243000,"Working Professional",39,"GrabFood","Ho Chi Minh City","Card","Web Booking",2.25,7.2,"Night","Weekend","RIDE10",5000,"Medium","Clear"
210000,"Working Professional",29,"GrabMart","Ho Chi Minh City","Card","Mobile App",5.09,20.1,"Early Morning","Weekday","WELCOME",2000,"High","Clear"
417000,"Family",27,"GrabFood","Hanoi","Corporate Account","Mobile App",1.65,5,"Lunch","Weekday","None",0,"High","Cloudy"
110000,"Frequent User",43,"GrabFood","Ho Chi Minh City","Cash","Mobile App",2.37,11.9,"Evening","Weekday","WELCOME",2000,"Medium","Clear"
154000,"Frequent User",52,"GrabFood","Hanoi","Corporate Account","Mobile App",2.31,10.8,"Early Morning","Weekday","WELCOME",3000,"Low","Clear"
433000,"Student",32,"GrabFood","Ho Chi Minh City","Card","Mobile App",3.97,19.8,"Morning","Weekday","None",0,"Medium","Rain"
99000,"Working Professional",23,"GrabMart","Da Nang","Card","Mobile App",3.12,13.4,"Evening","Weekday","None",0,"Medium","Rain"
158000,"Corporate",49,"GrabFood","Da Nang","Moca Wallet","Mobile App",3.18,14.5,"Early Morning","Weekend","None",0,"Medium","Clear"
243000,"Family",23,"GrabFood","Hanoi","Cash","Mobile App",1.88,6.7,"Early Morning","Weekday","MART15",1000,"Medium","Clear"
75000,"Frequent User",55,"GrabFood","Bien Hoa","Moca Wallet","Mobile App",2.35,11,"Night","Weekday","None",0,"Medium","Clear"
276000,"Tourist",43,"GrabMart","Hai Phong","Cash","Mobile App",2.02,9.6,"Morning","Weekday","None",0,"Medium","Cloudy"
363000,"Frequent User",52,"GrabMart","Da Nang","Moca Wallet","Mobile App",3.19,20,"Lunch","Weekday","None",0,"Severe","Rain"
277000,"Corporate",41,"GrabFood","Ho Chi Minh City","Moca Wallet","Mobile App",4.83,17.6,"Lunch","Weekday","None",0,"Medium","Cloudy"
139000,"Student",60,"GrabFood","Hai Phong","Cash","Partner App",1.45,7.6,"Early Morning","Weekday","None",0,"High","Rain"
291000,"Tourist",61,"GrabFood","Hanoi","Cash","Mobile App",6.84,22.5,"Evening","Weekday","FOOD20",10000,"Medium","Cloudy"
185000,"Tourist",54,"GrabMart","Hanoi","Card","Mobile App",7.66,27.9,"Evening","Weekday","WEEKEND",5000,"Low","Clear"
267000,"Tourist",41,"GrabFood","Hanoi","Card","Mobile App",3.5,20.3,"Afternoon","Weekday","RIDE10",4000,"High","Clear"
137000,"Family",60,"GrabMart","Ho Chi Minh City","Cash","Partner App",4.65,17.1,"Afternoon","Weekend","None",0,"Low","Clear"
171000,"Family",26,"GrabMart","Da Nang","Card","Mobile App",2.75,6.7,"Morning","Weekday","None",0,"Low","Clear"
365000,"Working Professional",48,"GrabMart","Ho Chi Minh City","Cash","Mobile App",2,6,"Early Morning","Weekday","None",0,"Low","Clear"
113000,"Student",24,"GrabMart","Ho Chi Minh City","Cash","Mobile App",3.79,14.7,"Morning","Weekday","WELCOME",6000,"High","Cloudy"
341000,"Tourist",41,"GrabFood","Ho Chi Minh City","Moca Wallet","Mobile App",6.34,43.7,"Evening","Weekday","None",0,"Severe","Clear"
297000,"Frequent User",56,"GrabMart","Hanoi","Cash","Mobile App",8.19,26.8,"Afternoon","Weekday","None",0,"Low","Rain"
125000,"Working Professional",60,"GrabFood","Nha Trang","Moca Wallet","Mobile App",3.24,10.7,"Early Morning","Weekday","None",0,"Medium","Cloudy"
68000,"Tourist",42,"GrabFood","Hanoi","Cash","Mobile App",6.15,23,"Early Morning","Weekday","None",0,"Low","Clear"
292000,"Corporate",54,"GrabFood","Da Nang","Moca Wallet","Mobile App",3.67,9.5,"Morning","Weekday","None",0,"Low","Clear"
94000,"Working Professional",47,"GrabFood","Hanoi","Moca Wallet","Mobile App",3.43,13,"Morning","Weekday","FOOD20",4000,"Low","Clear"
71000,"Frequent User",55,"GrabFood","Da Nang","Moca Wallet","Mobile App",4.47,27.4,"Afternoon","Weekend","None",0,"High","Unknown"
70000,"Family",51,"GrabFood","Da Nang","Cash","Mobile App",1.54,9.1,"Afternoon","Weekend","None",0,"High","Clear"
346000,"Family",52,"GrabFood","Da Nang","Cash","Mobile App",3.78,16.4,"Lunch","Weekend","WELCOME",4000,"Medium","Rain"
401000,"Student",61,"GrabFood","Da Nang","Card","Mobile App",1.63,5.3,"Morning","Weekday","None",0,"Low","Clear"
169000,"Student",49,"GrabMart","Da Nang","Card","Mobile App",2.66,14,"Morning","Weekday","LOYALTY",4000,"High","Cloudy"
392000,"Student",37,"GrabFood","Hanoi","Cash","Mobile App",2.39,10.7,"Early Morning","Weekend","WELCOME",2000,"Low","Clear"
347000,"Corporate",51,"GrabMart","Ho Chi Minh City","Cash","Mobile App",6.8,27.2,"Evening","Weekend","None",0,"High","Rain"
417000,"Frequent User",56,"GrabFood","Can Tho","Card","Mobile App",3.12,2.4,"Lunch","Weekday","None",0,"Low","Cloudy"
426000,"Student",40,"GrabFood","Bien Hoa","Card","Mobile App",2.95,14.3,"Evening","Weekend","None",0,"Medium","Clear"
389000,"Family",54,"GrabFood","Ho Chi Minh City","Cash","Mobile App",3.15,8.5,"Afternoon","Weekday","None",0,"Medium","Rain"
122000,"Family",27,"GrabFood","Bien Hoa","Cash","Web Booking",2.17,15.5,"Evening","Weekday","LOYALTY",4000,"Severe","Clear"
350000,"Tourist",46,"GrabMart","Hanoi","Cash","Mobile App",2.56,12,"Evening","Weekend","None",0,"Medium","Cloudy"
417000,"Family",22,"GrabFood","Ho Chi Minh City","Moca Wallet","Mobile App",3.7,22,"Evening","Weekend","LOYALTY",6000,"High","Unknown"
113000,"Family",48,"GrabFood","Ho Chi Minh City","Cash","Mobile App",3.86,20.9,"Night","Weekday","None",0,"Medium","Cloudy"
399000,"Student",61,"GrabMart","Hanoi","Card","Mobile App",0.71,2.8,"Evening","Weekend","None",0,"Severe","Cloudy"
420000,"Family",55,"GrabFood","Nha Trang","Card","Mobile App",0.8,2.1,"Afternoon","Weekend","None",0,"Low","Heavy Rain"
419000,"Family",49,"GrabFood","Hanoi","Cash","Mobile App",1.96,8.7,"Morning","Weekend","None",0,"Severe","Clear"
350000,"Family",33,"GrabFood","Ho Chi Minh City","Corporate Account","Mobile App",2.2,7.2,"Night","Weekday","None",0,"High","Cloudy"
220000,"Student",50,"GrabFood","Da Nang","Card","Mobile App",1.08,6.1,"Morning","Weekend","None",0,"High","Cloudy"
295000,"Tourist",38,"GrabFood","Ho Chi Minh City","Corporate Account","Mobile App",0.85,2.4,"Evening","Weekday","RIDE10",1000,"Low","Clear"
316000,"Frequent User",46,"GrabMart","Ho Chi Minh City","Card","Mobile App",4.56,12.3,"Early Morning","Weekend","None",0,"Low","Clear"
63000,"Student",49,"GrabFood","Ho Chi Minh City","Cash","Mobile App",3.47,14.2,"Morning","Weekday","None",0,"High","Rain"
229000,"Corporate",45,"GrabMart","Bien Hoa","Cash","Mobile App",12.05,31.9,"Lunch","Weekday","WEEKEND",12000,"Low","Clear"
397000,"Tourist",47,"GrabFood","Ho Chi Minh City","Cash","Mobile App",5.23,21.2,"Early Morning","Weekend","WEEKEND",4000,"Medium","Rain"
351000,"Student",48,"GrabFood","Ho Chi Minh City","Card","Mobile App",3.06,13.1,"Morning","Weekday","None",0,"High","Clear"
160000,"Frequent User",51,"GrabMart","Da Nang","Cash","Mobile App",1.42,7.5,"Night","Weekday","MART15",4000,"Medium","Clear"
182000,"Frequent User",25,"GrabFood","Ho Chi Minh City","Cash","Mobile App",3.04,14.1,"Evening","Weekday","WEEKEND",5000,"Medium","Clear"
344000,"Corporate",39,"GrabFood","Nha Trang","Moca Wallet","Mobile App",12.58,48,"Morning","Weekday","None",0,"Medium","Clear"
228000,"Working Professional",62,"GrabMart","Ho Chi Minh City","Moca Wallet","Mobile App",1.48,4.9,"Morning","Weekday","None",0,"Medium","Cloudy"
339000,"Tourist",32,"GrabFood","Hanoi","Cash","Mobile App",4.65,23.6,"Early Morning","Weekday","None",0,"Medium","Rain"
65000,"Working Professional",19,"GrabMart","Can Tho","Card","Partner App",2.28,8,"Morning","Weekday","WEEKEND",5000,"Medium","Clear"
262000,"Working Professional",52,"GrabMart","Hanoi","Card","Mobile App",5.8,17.9,"Morning","Weekday","RIDE10",5000,"Medium","Clear"
402000,"Family",45,"GrabFood","Ho Chi Minh City","Cash","Partner App",3.23,14.5,"Early Morning","Weekday","None",0,"High","Clear"
275000,"Family",38,"GrabFood","Bien Hoa","Cash","Mobile App",1.14,7.2,"Morning","Weekday","WEEKEND",1000,"High","Clear"
67000,"Family",48,"GrabMart","Da Nang","Cash","Mobile App",9.96,49.1,"Lunch","Weekday","LOYALTY",12000,"Medium","Cloudy"
294000,"Family",39,"GrabFood","Hanoi","Corporate Account","Mobile App",1.69,6.4,"Morning","Weekday","None",0,"High","Clear"
47000,"Frequent User",23,"GrabFood","Bien Hoa","Cash","Mobile App",3.19,12.7,"Lunch","Weekday","None",0,"Medium","Cloudy"
120000,"Student",41,"GrabMart","Hanoi","Cash","Mobile App",4.99,23.7,"Evening","Weekend","RIDE10",4000,"Low","Clear"
76000,"Corporate",24,"GrabFood","Da Nang","Card","Partner App",0.57,2.4,"Early Morning","Weekday","RIDE10",1000,"High","Cloudy"
114000,"Working Professional",39,"GrabMart","Ho Chi Minh City","Cash","Mobile App",0.96,4.2,"Afternoon","Weekend","None",0,"Low","Clear"
299000,"Corporate",28,"GrabMart","Bien Hoa","Card","Mobile App",6.56,21.7,"Evening","Weekday","None",0,"Low","Cloudy"
413000,"Frequent User",35,"GrabMart","Ho Chi Minh City","Card","Mobile App",7.69,37.2,"Afternoon","Weekend","FOOD20",4000,"High","Cloudy"
98000,"Tourist",43,"GrabMart","Can Tho","Card","Mobile App",3.51,15.5,"Morning","Weekend","RIDE10",3000,"Medium","Unknown"
218000,"Family",35,"GrabMart","Hai Phong","Card","Mobile App",3.05,10.5,"Evening","Weekday","None",0,"High","Cloudy"
262000,"Tourist",62,"GrabMart","Bien Hoa","Moca Wallet","Mobile App",3.33,13.7,"Early Morning","Weekday","MART15",4000,"Low","Rain"
312000,"Frequent User",31,"GrabFood","Hai Phong","Card","Mobile App",2.86,11.2,"Night","Weekday","None",0,"Low","Rain"
357000,"Student",24,"GrabFood","Hanoi","Card","Partner App",10.59,46.8,"Evening","Weekday","MART15",10000,"Low","Clear"
268000,"Working Professional",40,"GrabFood","Ho Chi Minh City","Cash","Mobile App",0.73,2.7,"Afternoon","Weekday","None",0,"Low","Clear"
51000,"Family",32,"GrabFood","Ho Chi Minh City","Moca Wallet","Web Booking",2.73,9.1,"Evening","Weekday","RIDE10",5000,"High","Unknown"
328000,"Family",30,"GrabFood","Da Nang","Moca Wallet","Mobile App",2.92,12.9,"Early Morning","Weekday","WEEKEND",4000,"High","Cloudy"
111000,"Student",61,"GrabFood","Hue","Card","Web Booking",7.14,32.2,"Morning","Weekday","FOOD20",9000,"Low","Clear"
374000,"Tourist",42,"GrabMart","Hanoi","Card","Mobile App",2.03,11.1,"Early Morning","Weekday","None",0,"High","Cloudy"
324000,"Frequent User",45,"GrabFood","Da Nang","Moca Wallet","Mobile App",4.71,14,"Evening","Weekday","None",0,"High","Clear"
143000,"Working Professional",28,"GrabFood","Ho Chi Minh City","Card","Mobile App",1.4,6.9,"Early Morning","Weekday","WELCOME",3000,"Medium","Clear"
387000,"Frequent User",24,"GrabFood","Hanoi","Moca Wallet","Mobile App",3.25,8.3,"Night","Weekday","None",0,"Low","Clear"
157000,"Working Professional",50,"GrabFood","Ho Chi Minh City","Card","Mobile App",0.91,2.6,"Morning","Weekday","WELCOME",1000,"Low","Clear"
433000,"Tourist",25,"GrabFood","Hanoi","Moca Wallet","Mobile App",4.35,20.3,"Lunch","Weekday","MART15",2000,"High","Rain"
326000,"Tourist",41,"GrabMart","Da Nang","Cash","Mobile App",1.99,6.1,"Morning","Weekend","WELCOME",3000,"Low","Cloudy"
349000,"Corporate",61,"GrabMart","Da Nang","Corporate Account","Mobile App",1.4,3.9,"Lunch","Weekend","None",0,"Low","Clear"
181000,"Tourist",35,"GrabMart","Da Nang","Cash","Web Booking",4.65,17.4,"Evening","Weekday","None",0,"Medium","Clear"
263000,"Working Professional",19,"GrabFood","Hanoi","Card","Partner App",7.2,45.4,"Early Morning","Weekday","None",0,"Unknown","Clear"
262000,"Corporate",37,"GrabFood","Ho Chi Minh City","Moca Wallet","Mobile App",1.29,9.7,"Evening","Weekend","None",0,"Severe","Clear"
51000,"Student",57,"GrabFood","Can Tho","Moca Wallet","Web Booking",6.05,22.6,"Lunch","Weekend","None",0,"Low","Cloudy"
441000,"Family",38,"GrabFood","Bien Hoa","Card","Mobile App",3.01,14.2,"Morning","Weekday","None",0,"Medium","Clear"
126000,"Student",55,"GrabMart","Ho Chi Minh City","Card","Mobile App",1.63,5.9,"Early Morning","Weekday","None",0,"Unknown","Cloudy"
367000,"Student",31,"GrabFood","Hanoi","Cash","Mobile App",2.99,11,"Early Morning","Weekday","None",0,"Low","Clear"
318000,"Family",56,"GrabFood","Hanoi","Cash","Partner App",1.38,6.6,"Afternoon","Weekday","WEEKEND",2000,"Medium","Cloudy"
281000,"Tourist",57,"GrabFood","Nha Trang","Moca Wallet","Mobile App",2.41,7.1,"Afternoon","Weekday","None",0,"Low","Clear"
63000,"Frequent User",52,"GrabFood","Nha Trang","Card","Mobile App",0.78,2.8,"Evening","Weekday","WEEKEND",4000,"High","Cloudy"
61000,"Family",37,"GrabFood","Ho Chi Minh City","Card","Mobile App",3.82,9.8,"Morning","Weekday","None",0,"Low","Rain"
168000,"Student",37,"GrabFood","Hai Phong","Card","Mobile App",1.58,6.5,"Afternoon","Weekday","None",0,"High","Cloudy"
272000,"Tourist",56,"GrabFood","Hanoi","Card","Mobile App",3,15.2,"Early Morning","Weekday","RIDE10",1000,"High","Clear"
206000,"Tourist",37,"GrabFood","Da Nang","Moca Wallet","Mobile App",5.5,22.4,"Early Morning","Weekend","LOYALTY",2000,"Medium","Clear"
191000,"Student",62,"GrabFood","Hanoi","Card","Mobile App",1.47,7.4,"Early Morning","Weekday","None",0,"Medium","Clear"
236000,"Corporate",30,"GrabFood","Ho Chi Minh City","Cash","Mobile App",4.22,16.5,"Morning","Weekend","WEEKEND",7000,"Medium","Clear"
325000,"Corporate",31,"GrabFood","Can Tho","Moca Wallet","Mobile App",6.24,25,"Afternoon","Weekend","LOYALTY",5000,"Low","Cloudy"
217000,"Corporate",54,"GrabFood","Nha Trang","Cash","Mobile App",2.21,8.3,"Early Morning","Weekday","None",0,"Low","Clear"
229000,"Family",42,"GrabMart","Hanoi","Card","Mobile App",7.36,21,"Morning","Weekday","RIDE10",3000,"Medium","Cloudy"
124000,"Corporate",28,"GrabFood","Ho Chi Minh City","Card","Partner App",2.57,9.4,"Early Morning","Weekday","None",0,"Severe","Unknown"
209000,"Tourist",23,"GrabMart","Hai Phong","Card","Mobile App",2.06,10.5,"Morning","Weekend","FOOD20",4000,"Severe","Clear"
286000,"Working Professional",25,"GrabFood","Hanoi","Cash","Mobile App",1.47,4.8,"Morning","Weekday","None",0,"Medium","Rain"
82000,"Working Professional",44,"GrabFood","Ho Chi Minh City","Card","Mobile App",4.1,20.3,"Early Morning","Weekday","WEEKEND",6000,"Medium","Clear"
181000,"Working Professional",28,"GrabMart","Hai Phong","Cash","Mobile App",3.59,12.8,"Night","Weekday","WEEKEND",5000,"Medium","Clear"
218000,"Corporate",46,"GrabFood","Ho Chi Minh City","Card","Partner App",3.86,21.4,"Morning","Weekend","None",0,"High","Rain"
295000,"Family",31,"GrabFood","Ho Chi Minh City","Card","Mobile App",2.7,10.4,"Evening","Weekday","WEEKEND",3000,"High","Clear"
183000,"Tourist",61,"GrabFood","Hanoi","Cash","Mobile App",2.1,7.9,"Morning","Weekday","None",0,"Medium","Clear"
178000,"Working Professional",49,"GrabFood","Ho Chi Minh City","Cash","Mobile App",3.71,17.6,"Early Morning","Weekend","None",0,"Low","Rain"
214000,"Family",35,"GrabMart","Ho Chi Minh City","Card","Mobile App",3.06,14,"Afternoon","Weekend","WELCOME",5000,"High","Clear"
47000,"Corporate",24,"GrabMart","Hue","Cash","Mobile App",4.95,24.3,"Evening","Weekend","FOOD20",9000,"Medium","Rain"
276000,"Working Professional",32,"GrabMart","Bien Hoa","Corporate Account","Mobile App",3.09,13.5,"Lunch","Weekday","None",0,"Low","Clear"
335000,"Tourist",53,"GrabFood","Da Nang","Card","Mobile App",2.14,5.7,"Early Morning","Weekend","None",0,"Low","Clear"
188000,"Family",58,"GrabFood","Ho Chi Minh City","Moca Wallet","Mobile App",2.46,8.8,"Early Morning","Weekend","None",0,"Low","Clear"
317000,"Tourist",32,"GrabMart","Can Tho","Card","Mobile App",0.86,2.5,"Evening","Weekday","None",0,"Medium","Cloudy"
441000,"Working Professional",26,"GrabMart","Hanoi","Cash","Web Booking",5.01,21.6,"Night","Weekday","None",0,"Medium","Clear"
120000,"Frequent User",22,"GrabMart","Ho Chi Minh City","Moca Wallet","Mobile App",1.73,4.5,"Morning","Weekday","WEEKEND",1000,"Medium","Clear"
120000,"Tourist",54,"GrabFood","Ho Chi Minh City","Moca Wallet","Mobile App",4.76,22,"Afternoon","Weekday","None",0,"Low","Unknown"
377000,"Frequent User",41,"GrabFood","Ho Chi Minh City","Card","Mobile App",1.59,7,"Afternoon","Weekday","FOOD20",3000,"Unknown","Clear"
393000,"Working Professional",62,"GrabFood","Hanoi","Card","Mobile App",2.63,8.4,"Early Morning","Weekday","None",0,"Medium","Clear"
155000,"Student",29,"GrabFood","Ho Chi Minh City","Cash","Mobile App",3.83,19.6,"Early Morning","Weekend","None",0,"Medium","Rain"
380000,"Corporate",19,"GrabFood","Bien Hoa","Cash","Mobile App",5.52,21.4,"Morning","Weekend","WEEKEND",6000,"Medium","Clear"
4e+05,"Corporate",54,"GrabMart","Can Tho","Cash","Mobile App",3.55,19.3,"Lunch","Weekday","None",0,"Medium","Unknown"
143000,"Frequent User",48,"GrabFood","Hai Phong","Moca Wallet","Mobile App",3.14,18.9,"Lunch","Weekday","WELCOME",2000,"High","Clear"
52000,"Corporate",39,"GrabMart","Can Tho","Moca Wallet","Mobile App",2.19,15.8,"Morning","Weekday","LOYALTY",6000,"Severe","Clear"
224000,"Tourist",53,"GrabFood","Can Tho","Cash","Mobile App",4.25,16.5,"Lunch","Weekday","LOYALTY",7000,"Severe","Clear"
332000,"Corporate",41,"GrabFood","Hanoi","Moca Wallet","Partner App",3.69,14.2,"Evening","Weekday","WEEKEND",5000,"Low","Heavy Rain"
363000,"Frequent User",44,"GrabFood","Ho Chi Minh City","Cash","Mobile App",2.85,15.3,"Morning","Weekday","None",0,"High","Heavy Rain"
242000,"Corporate",41,"GrabFood","Ho Chi Minh City","Moca Wallet","Mobile App",3.08,10.5,"Morning","Weekend","FOOD20",3000,"High","Rain"
336000,"Working Professional",62,"GrabFood","Hanoi","Moca Wallet","Mobile App",6.73,30.9,"Night","Weekday","WEEKEND",6000,"Low","Clear"
72000,"Tourist",48,"GrabFood","Ho Chi Minh City","Card","Mobile App",1.03,3.4,"Evening","Weekday","None",0,"Unknown","Clear"
349000,"Family",58,"GrabFood","Ho Chi Minh City","Corporate Account","Partner App",3.31,15.5,"Evening","Weekday","None",0,"Medium","Cloudy"
304000,"Tourist",28,"GrabMart","Hanoi","Cash","Mobile App",2.72,10.1,"Early Morning","Weekday","None",0,"Medium","Clear"
416000,"Student",32,"GrabFood","Ho Chi Minh City","Card","Mobile App",1.06,3.5,"Afternoon","Weekend","None",0,"Medium","Clear"
304000,"Frequent User",39,"GrabFood","Nha Trang","Card","Mobile App",3.09,16.2,"Evening","Weekday","RIDE10",5000,"Medium","Rain"
245000,"Family",50,"GrabFood","Nha Trang","Card","Partner App",2.83,9.1,"Night","Weekday","None",0,"Medium","Rain"
270000,"Tourist",41,"GrabFood","Hanoi","Moca Wallet","Mobile App",1.26,4.5,"Evening","Weekday","None",0,"High","Clear"
132000,"Tourist",33,"GrabFood","Ho Chi Minh City","Moca Wallet","Mobile App",5.71,17.3,"Afternoon","Weekday","LOYALTY",2000,"Medium","Clear"
239000,"Family",36,"GrabFood","Ho Chi Minh City","Cash","Mobile App",5.21,18.8,"Early Morning","Weekday","None",0,"Low","Clear"
183000,"Frequent User",26,"GrabFood","Hanoi","Card","Mobile App",2.24,12.9,"Night","Weekend","WEEKEND",4000,"Severe","Clear"
331000,"Frequent User",40,"GrabFood","Hanoi","Cash","Mobile App",3.38,17.8,"Lunch","Weekday","None",0,"High","Cloudy"
418000,"Family",37,"GrabFood","Nha Trang","Cash","Mobile App",4.24,19.7,"Afternoon","Weekday","None",0,"Medium","Rain"
284000,"Tourist",30,"GrabFood","Hanoi","Moca Wallet","Mobile App",2.02,6.7,"Early Morning","Weekend","None",0,"Medium","Cloudy"
71000,"Corporate",29,"GrabFood","Hanoi","Card","Mobile App",2.88,12,"Afternoon","Weekend","None",0,"Medium","Clear"
210000,"Working Professional",56,"GrabFood","Hanoi","Card","Mobile App",1.39,7.5,"Evening","Weekend","WEEKEND",1000,"High","Clear"
424000,"Student",41,"GrabFood","Ho Chi Minh City","Moca Wallet","Mobile App",3.21,11.3,"Night","Weekend","None",0,"Low","Cloudy"
174000,"Corporate",39,"GrabFood","Hanoi","Card","Mobile App",0.65,2.6,"Night","Weekend","FOOD20",2000,"Low","Clear"
326000,"Family",38,"GrabMart","Ho Chi Minh City","Cash","Mobile App",7.79,38.2,"Afternoon","Weekday","None",0,"Medium","Cloudy"
130000,"Tourist",25,"GrabFood","Ho Chi Minh City","Card","Mobile App",3.21,18.7,"Evening","Weekend","None",0,"High","Clear"
54000,"Student",22,"GrabFood","Hanoi","Corporate Account","Mobile App",6.2,30.7,"Evening","Weekday","RIDE10",4000,"High","Unknown"
449000,"Corporate",41,"GrabFood","Ho Chi Minh City","Corporate Account","Mobile App",2.67,7.1,"Morning","Weekend","WELCOME",2000,"Medium","Rain"
405000,"Family",49,"GrabFood","Bien Hoa","Card","Mobile App",4.96,15.8,"Lunch","Weekday","None",0,"Low","Clear"
289000,"Working Professional",50,"GrabMart","Ho Chi Minh City","Card","Mobile App",2.84,11.6,"Morning","Weekday","RIDE10",2000,"High","Cloudy"
231000,"Student",57,"GrabMart","Can Tho","Cash","Mobile App",5.11,16.5,"Night","Weekday","None",0,"Medium","Cloudy"
372000,"Frequent User",30,"GrabFood","Ho Chi Minh City","Card","Mobile App",6.86,34.6,"Early Morning","Weekend","None",0,"Medium","Clear"
145000,"Working Professional",27,"GrabMart","Da Nang","Card","Mobile App",8.16,37.5,"Morning","Weekday","None",0,"Low","Cloudy"
259000,"Working Professional",50,"GrabFood","Da Nang","Cash","Mobile App",3.7,17.7,"Lunch","Weekday","LOYALTY",2000,"Low","Cloudy"
125000,"Corporate",49,"GrabMart","Da Nang","Card","Mobile App",5.57,18.2,"Early Morning","Weekday","WELCOME",7000,"Low","Clear"
203000,"Family",23,"GrabFood","Ho Chi Minh City","Moca Wallet","Mobile App",2.29,14.2,"Early Morning","Weekend","RIDE10",6000,"High","Clear"
401000,"Frequent User",47,"GrabFood","Ho Chi Minh City","Card","Mobile App",4.24,21.5,"Lunch","Weekday","RIDE10",7000,"Medium","Cloudy"
199000,"Tourist",26,"GrabFood","Can Tho","Cash","Mobile App",1.3,4.3,"Evening","Weekday","WELCOME",2000,"Low","Clear"
340000,"Family",58,"GrabMart","Hanoi","Cash","Mobile App",1.79,7.1,"Evening","Weekday","None",0,"Medium","Cloudy"
164000,"Family",49,"GrabMart","Ho Chi Minh City","Moca Wallet","Mobile App",1.25,6.6,"Afternoon","Weekend","RIDE10",1000,"Medium","Clear"
179000,"Corporate",36,"GrabFood","Nha Trang","Corporate Account","Mobile App",3.97,13.5,"Evening","Weekend","None",0,"Medium","Clear"
128000,"Student",62,"GrabMart","Da Nang","Cash","Mobile App",2.96,11.2,"Morning","Weekday","None",0,"Low","Cloudy"
445000,"Corporate",33,"GrabFood","Can Tho","Cash","Mobile App",8.51,27.5,"Early Morning","Weekday","None",0,"Low","Rain"
131000,"Student",49,"GrabFood","Hanoi","Cash","Partner App",3.96,20.9,"Evening","Weekday","WELCOME",7000,"Medium","Cloudy"
209000,"Student",46,"GrabFood","Nha Trang","Card","Mobile App",4.1,13.8,"Morning","Weekday","WEEKEND",5000,"High","Cloudy"
295000,"Student",27,"GrabFood","Hanoi","Card","Partner App",0.68,2.9,"Afternoon","Weekend","WEEKEND",2000,"Medium","Cloudy"
304000,"Working Professional",40,"GrabMart","Ho Chi Minh City","Moca Wallet","Mobile App",2.74,14.7,"Morning","Weekday","None",0,"Medium","Cloudy"
380000,"Tourist",24,"GrabFood","Da Nang","Card","Mobile App",9.06,46.7,"Evening","Weekday","None",0,"High","Cloudy"
268000,"Student",44,"GrabFood","Ho Chi Minh City","Cash","Mobile App",1.78,5,"Evening","Weekday","LOYALTY",3000,"Medium","Cloudy"
396000,"Student",37,"GrabFood","Ho Chi Minh City","Cash","Mobile App",1.65,7.6,"Early Morning","Weekday","LOYALTY",1000,"Low","Clear"
252000,"Corporate",18,"GrabFood","Da Nang","Moca Wallet","Mobile App",4.76,13.6,"Lunch","Weekday","None",0,"Low","Clear"
384000,"Student",55,"GrabFood","Da Nang","Cash","Mobile App",2.23,13.7,"Evening","Weekday","Unknown",0,"High","Rain"
1e+05,"Working Professional",20,"GrabFood","Hai Phong","Card","Mobile App",3.97,20.7,"Morning","Weekday","None",0,"Medium","Clear"
371000,"Frequent User",51,"GrabFood","Hanoi","Unknown","Mobile App",2.16,10.3,"Evening","Weekend","None",0,"Low","Rain"
178000,"Tourist",41,"GrabFood","Ho Chi Minh City","Moca Wallet","Mobile App",5.85,26.7,"Evening","Weekday","None",0,"Low","Unknown"
150000,"Tourist",37,"GrabFood","Ho Chi Minh City","Cash","Mobile App",3.12,21,"Lunch","Weekend","None",0,"High","Cloudy"
252000,"Corporate",36,"GrabFood","Nha Trang","Corporate Account","Mobile App",2.13,5.3,"Night","Weekday","RIDE10",3000,"Low","Clear"
278000,"Frequent User",45,"GrabMart","Ho Chi Minh City","Moca Wallet","Mobile App",3.26,8.6,"Morning","Weekday","None",0,"Medium","Clear"
116000,"Tourist",50,"GrabFood","Hanoi","Moca Wallet","Mobile App",3.12,13.9,"Evening","Weekday","WELCOME",5000,"High","Clear"
242000,"Frequent User",36,"GrabFood","Hanoi","Corporate Account","Mobile App",3.44,16.2,"Lunch","Weekday","RIDE10",2000,"Low","Heavy Rain"
411000,"Working Professional",41,"GrabFood","Ho Chi Minh City","Cash","Mobile App",2.44,10.9,"Lunch","Weekday","None",0,"Low","Cloudy"
95000,"Family",49,"GrabFood","Hanoi","Cash","Mobile App",1.9,8.8,"Early Morning","Weekday","None",0,"High","Heavy Rain"
232000,"Tourist",37,"GrabFood","Da Nang","Cash","Mobile App",2.94,16.7,"Lunch","Weekday","None",0,"High","Clear"
58000,"Student",54,"GrabMart","Ho Chi Minh City","Cash","Mobile App",3.12,8,"Night","Weekend","None",0,"Medium","Cloudy"
260000,"Student",50,"GrabFood","Hanoi","Cash","Mobile App",4.05,18.6,"Afternoon","Weekday","None",0,"Low","Clear"
137000,"Family",59,"GrabFood","Hanoi","Moca Wallet","Mobile App",1.82,7.9,"Night","Weekday","None",0,"Medium","Clear"
352000,"Frequent User",42,"GrabMart","Hanoi","Cash","Partner App",4.27,27.7,"Evening","Weekend","None",0,"High","Rain"
386000,"Corporate",55,"GrabFood","Ho Chi Minh City","Card","Mobile App",4.45,14.8,"Morning","Weekday","WELCOME",5000,"Low","Cloudy"
385000,"Family",48,"GrabFood","Can Tho","Moca Wallet","Mobile App",5.11,23.5,"Early Morning","Weekday","None",0,"Low","Cloudy"
342000,"Frequent User",27,"GrabFood","Ho Chi Minh City","Card","Mobile App",6.4,21.4,"Night","Weekend","WELCOME",9000,"High","Cloudy"
59000,"Student",40,"GrabMart","Hanoi","Unknown","Mobile App",3.77,19.6,"Early Morning","Weekday","None",0,"Severe","Clear"
412000,"Family",32,"GrabFood","Da Nang","Cash","Mobile App",1.76,6.6,"Afternoon","Weekday","None",0,"Low","Unknown"
286000,"Tourist",50,"GrabFood","Can Tho","Card","Mobile App",1.01,5.5,"Morning","Weekday","None",0,"High","Clear"
409000,"Corporate",37,"GrabFood","Bien Hoa","Cash","Mobile App",4.86,14.1,"Morning","Weekday","None",0,"Medium","Cloudy"
336000,"Corporate",38,"GrabFood","Ho Chi Minh City","Cash","Mobile App",5.57,29.3,"Evening","Weekday","LOYALTY",4000,"High","Clear"
64000,"Tourist",41,"GrabFood","Hanoi","Cash","Mobile App",3.34,10.9,"Night","Weekend","FOOD20",4000,"Medium","Clear"
192000,"Family",31,"GrabFood","Bien Hoa","Moca Wallet","Mobile App",1.99,6,"Afternoon","Weekend","WEEKEND",4000,"Low","Cloudy"
402000,"Family",54,"GrabFood","Da Nang","Card","Mobile App",2.97,14.1,"Afternoon","Weekday","WEEKEND",3000,"Unknown","Cloudy"
134000,"Student",49,"GrabFood","Hai Phong","Corporate Account","Mobile App",5.01,13.1,"Early Morning","Weekday","RIDE10",3000,"Low","Clear"
273000,"Corporate",34,"GrabMart","Ho Chi Minh City","Card","Mobile App",6.78,21.7,"Evening","Weekday","None",0,"High","Cloudy"
166000,"Corporate",23,"GrabFood","Ho Chi Minh City","Corporate Account","Mobile App",4.86,21.1,"Lunch","Weekend","WEEKEND",6000,"Low","Cloudy"
55000,"Tourist",34,"GrabFood","Hue","Card","Mobile App",1.14,6,"Lunch","Weekend","None",0,"High","Clear"
243000,"Corporate",53,"GrabFood","Ho Chi Minh City","Cash","Mobile App",4.39,18.9,"Night","Weekday","LOYALTY",6000,"Low","Clear"
355000,"Corporate",47,"GrabFood","Ho Chi Minh City","Corporate Account","Mobile App",2.07,10.1,"Evening","Weekday","RIDE10",2000,"Medium","Cloudy"
192000,"Frequent User",25,"GrabFood","Hanoi","Cash","Mobile App",2.38,8.1,"Morning","Weekday","RIDE10",2000,"Medium","Clear"
212000,"Working Professional",25,"GrabMart","Ho Chi Minh City","Cash","Mobile App",8.95,43.4,"Morning","Weekday","None",0,"Medium","Cloudy"
172000,"Tourist",22,"GrabMart","Nha Trang","Card","Mobile App",2.91,7,"Early Morning","Weekday","None",0,"Unknown","Clear"
45000,"Family",31,"GrabMart","Ho Chi Minh City","Moca Wallet","Mobile App",3.27,13.3,"Early Morning","Weekday","WEEKEND",4000,"Low","Clear"
351000,"Student",25,"GrabMart","Ho Chi Minh City","Card","Mobile App",3.13,9.9,"Evening","Weekday","LOYALTY",5000,"Medium","Rain"
159000,"Frequent User",30,"GrabFood","Ho Chi Minh City","Cash","Mobile App",1.44,6.8,"Night","Weekend","None",0,"Low","Cloudy"
426000,"Frequent User",19,"GrabFood","Ho Chi Minh City","Moca Wallet","Mobile App",6.37,37.6,"Evening","Weekday","None",0,"High","Cloudy"
316000,"Working Professional",54,"GrabFood","Ho Chi Minh City","Moca Wallet","Mobile App",4.87,18.1,"Night","Weekday","None",0,"Medium","Clear"
69000,"Corporate",46,"GrabFood","Hai Phong","Card","Mobile App",2.42,5.5,"Morning","Weekday","None",0,"Low","Clear"
395000,"Working Professional",59,"GrabMart","Hai Phong","Moca Wallet","Mobile App",2.89,16.8,"Night","Weekday","RIDE10",2000,"High","Cloudy"
293000,"Frequent User",36,"GrabFood","Hanoi","Cash","Mobile App",1.45,5.4,"Early Morning","Weekend","MART15",1000,"High","Unknown"
59000,"Tourist",36,"GrabFood","Ho Chi Minh City","Cash","Mobile App",16.96,72.8,"Evening","Weekday","MART15",9000,"High","Clear"
247000,"Frequent User",20,"GrabFood","Bien Hoa","Cash","Mobile App",1.8,4.8,"Morning","Weekday","None",0,"Low","Cloudy"
312000,"Family",45,"GrabFood","Hue","Card","Mobile App",3.25,19.6,"Evening","Weekday","None",0,"High","Clear"
415000,"Frequent User",48,"GrabMart","Ho Chi Minh City","Cash","Mobile App",6.46,16,"Night","Weekend","FOOD20",4000,"Low","Cloudy"
404000,"Working Professional",55,"GrabFood","Ho Chi Minh City","Cash","Mobile App",2.57,15.6,"Morning","Weekday","FOOD20",2000,"High","Clear"
306000,"Student",57,"GrabFood","Hanoi","Moca Wallet","Mobile App",2.58,9.2,"Morning","Weekday","None",0,"Severe","Clear"
233000,"Corporate",62,"GrabFood","Ho Chi Minh City","Card","Mobile App",2.96,8.6,"Evening","Weekend","None",0,"Medium","Cloudy"
439000,"Student",58,"GrabMart","Hanoi","Cash","Mobile App",3.32,16.3,"Night","Weekday","None",0,"Medium","Clear"
46000,"Frequent User",24,"GrabFood","Ho Chi Minh City","Moca Wallet","Mobile App",4.07,12.4,"Afternoon","Weekend","None",0,"Medium","Rain"
135000,"Tourist",51,"GrabFood","Ho Chi Minh City","Moca Wallet","Mobile App",4.41,18.2,"Afternoon","Weekend","FOOD20",6000,"Medium","Cloudy"
207000,"Frequent User",42,"GrabMart","Bien Hoa","Corporate Account","Mobile App",3.03,10.9,"Evening","Weekday","None",0,"Low","Clear"
76000,"Frequent User",33,"GrabFood","Hanoi","Card","Mobile App",3.12,22.8,"Early Morning","Weekday","None",0,"Medium","Rain"
238000,"Working Professional",59,"GrabMart","Ho Chi Minh City","Card","Mobile App",1.62,3.7,"Evening","Weekday","Unknown",0,"Low","Cloudy"
175000,"Family",26,"GrabMart","Ho Chi Minh City","Cash","Mobile App",2.97,11.3,"Evening","Weekday","None",0,"Medium","Cloudy"
192000,"Family",57,"GrabFood","Da Nang","Moca Wallet","Mobile App",7.25,33.4,"Early Morning","Weekday","None",0,"High","Rain"
354000,"Family",41,"GrabFood","Ho Chi Minh City","Moca Wallet","Mobile App",3.35,12.3,"Lunch","Weekday","None",0,"Low","Cloudy"
321000,"Student",39,"GrabFood","Nha Trang","Moca Wallet","Mobile App",7.46,28.2,"Afternoon","Weekend","None",0,"Low","Cloudy"
397000,"Working Professional",59,"GrabFood","Ho Chi Minh City","Card","Mobile App",6.17,24.1,"Afternoon","Weekday","FOOD20",5000,"High","Clear"
255000,"Student",55,"GrabMart","Hanoi","Card","Mobile App",2.12,13.4,"Night","Weekday","None",0,"High","Cloudy"
238000,"Family",33,"GrabMart","Ho Chi Minh City","Moca Wallet","Mobile App",2.07,13,"Lunch","Weekend","FOOD20",2000,"High","Cloudy"
372000,"Tourist",46,"GrabFood","Hanoi","Moca Wallet","Mobile App",3.44,15.7,"Night","Weekday","None",0,"Low","Cloudy"
314000,"Tourist",59,"GrabFood","Hai Phong","Card","Mobile App",7.05,26.2,"Early Morning","Weekday","None",0,"Low","Clear"
336000,"Family",24,"GrabFood","Ho Chi Minh City","Cash","Mobile App",4.22,17.3,"Lunch","Weekday","MART15",4000,"Medium","Rain"
107000,"Frequent User",32,"GrabMart","Hanoi","Cash","Mobile App",2.94,13.7,"Lunch","Weekday","None",0,"Medium","Clear"
146000,"Corporate",60,"GrabFood","Da Nang","Cash","Mobile App",2.57,8.5,"Evening","Weekday","FOOD20",3000,"High","Clear"
185000,"Student",50,"GrabFood","Hanoi","Moca Wallet","Mobile App",3.26,17.9,"Morning","Weekday","None",0,"Medium","Cloudy"
65000,"Tourist",46,"GrabFood","Hai Phong","Moca Wallet","Mobile App",2.23,10,"Evening","Weekday","None",0,"Severe","Rain"
316000,"Corporate",51,"GrabFood","Ho Chi Minh City","Card","Mobile App",2.61,15.7,"Evening","Weekday","None",0,"Severe","Clear"
121000,"Family",38,"GrabFood","Ho Chi Minh City","Cash","Mobile App",3.82,19.3,"Evening","Weekend","None",0,"Medium","Cloudy"
148000,"Working Professional",22,"GrabMart","Ho Chi Minh City","Cash","Mobile App",6.77,31.6,"Afternoon","Weekday","None",0,"Low","Rain"
342000,"Tourist",49,"GrabMart","Can Tho","Cash","Mobile App",4.08,14.9,"Evening","Weekday","RIDE10",5000,"Low","Clear"
133000,"Student",33,"GrabFood","Hanoi","Moca Wallet","Mobile App",2.87,15.6,"Evening","Weekday","None",0,"High","Clear"
287000,"Frequent User",28,"GrabFood","Hue","Cash","Web Booking",5.2,17.3,"Afternoon","Weekend","None",0,"Medium","Clear"
72000,"Working Professional",28,"GrabFood","Can Tho","Unknown","Mobile App",1.57,7.8,"Night","Weekday","WELCOME",2000,"High","Cloudy"
248000,"Working Professional",24,"GrabFood","Hanoi","Cash","Mobile App",2.33,9.7,"Morning","Weekday","LOYALTY",5000,"Medium","Clear"
52000,"Corporate",47,"GrabMart","Ho Chi Minh City","Moca Wallet","Mobile App",2.33,12.8,"Early Morning","Weekday","WELCOME",3000,"Medium","Rain"
171000,"Tourist",56,"GrabFood","Hue","Cash","Mobile App",2.95,10.9,"Evening","Weekday","None",0,"High","Cloudy"
217000,"Student",18,"GrabFood","Hanoi","Cash","Mobile App",2.09,8.5,"Early Morning","Weekend","None",0,"Low","Clear"
193000,"Corporate",23,"GrabFood","Hanoi","Moca Wallet","Mobile App",8.16,32.6,"Lunch","Weekday","None",0,"Medium","Clear"
128000,"Student",20,"GrabFood","Ho Chi Minh City","Card","Mobile App",1.3,5.1,"Morning","Weekend","None",0,"High","Clear"
418000,"Family",43,"GrabMart","Ho Chi Minh City","Moca Wallet","Mobile App",4.01,18.9,"Morning","Weekday","None",0,"Low","Clear"
149000,"Student",28,"GrabFood","Ho Chi Minh City","Moca Wallet","Mobile App",0.81,2.6,"Early Morning","Weekday","None",0,"Medium","Rain"
380000,"Student",61,"GrabFood","Hanoi","Cash","Mobile App",9.01,36,"Early Morning","Weekday","LOYALTY",6000,"Medium","Clear"
218000,"Corporate",57,"GrabFood","Ho Chi Minh City","Corporate Account","Mobile App",5.31,17.5,"Early Morning","Weekday","None",0,"Low","Clear"
352000,"Working Professional",48,"GrabFood","Da Nang","Card","Mobile App",1.12,4.3,"Lunch","Weekday","WELCOME",3000,"Medium","Cloudy"
69000,"Family",60,"GrabFood","Da Nang","Moca Wallet","Mobile App",3.12,36.6,"Early Morning","Weekend","None",0,"Medium","Clear"
235000,"Working Professional",33,"GrabMart","Ho Chi Minh City","Corporate Account","Mobile App",5.9,20.3,"Early Morning","Weekday","None",0,"Low","Clear"
350000,"Student",59,"GrabFood","Hue","Cash","Mobile App",4.48,22.6,"Morning","Weekday","WELCOME",8000,"Medium","Cloudy"
449000,"Frequent User",59,"GrabFood","Hanoi","Cash","Mobile App",4.81,13.7,"Morning","Weekday","FOOD20",3000,"Medium","Rain"
150000,"Student",29,"GrabFood","Hanoi","Moca Wallet","Mobile App",3.07,10.8,"Morning","Weekday","None",0,"Low","Rain"
366000,"Frequent User",53,"GrabMart","Ho Chi Minh City","Moca Wallet","Partner App",1.05,6,"Evening","Weekday","None",0,"High","Cloudy"
309000,"Tourist",56,"GrabFood","Bien Hoa","Corporate Account","Mobile App",3.12,18,"Lunch","Weekend","None",0,"Low","Cloudy"
147000,"Working Professional",37,"GrabFood","Da Nang","Cash","Mobile App",1.44,5.7,"Early Morning","Weekday","RIDE10",3000,"Low","Clear"
431000,"Student",54,"GrabFood","Da Nang","Card","Mobile App",2.64,9,"Evening","Weekday","None",0,"Medium","Rain"
2e+05,"Corporate",59,"GrabFood","Ho Chi Minh City","Cash","Mobile App",5.9,29.1,"Afternoon","Weekday","None",0,"Medium","Rain"
296000,"Family",28,"GrabFood","Ho Chi Minh City","Cash","Mobile App",1.94,4.5,"Morning","Weekday","None",0,"Low","Cloudy"
230000,"Corporate",18,"GrabMart","Ho Chi Minh City","Card","Partner App",1.03,7,"Morning","Weekday","None",0,"Severe","Cloudy"
64000,"Working Professional",37,"GrabMart","Ho Chi Minh City","Card","Mobile App",6.81,21.9,"Early Morning","Weekend","RIDE10",4000,"Low","Clear"
283000,"Corporate",48,"GrabFood","Da Nang","Card","Mobile App",5.69,31.1,"Night","Weekend","None",0,"High","Cloudy"
246000,"Student",26,"GrabFood","Hanoi","Moca Wallet","Mobile App",1.8,5.2,"Night","Weekday","None",0,"Low","Clear"
406000,"Working Professional",62,"GrabFood","Ho Chi Minh City","Cash","Mobile App",3.12,3.6,"Morning","Weekday","None",0,"High","Cloudy"
249000,"Tourist",39,"GrabFood","Hanoi","Cash","Mobile App",8.34,26.6,"Lunch","Weekday","WEEKEND",12000,"High","Clear"
412000,"Family",55,"GrabFood","Ho Chi Minh City","Moca Wallet","Mobile App",2.47,18.1,"Night","Weekday","WEEKEND",3000,"Severe","Clear"
221000,"Family",49,"GrabFood","Can Tho","Cash","Mobile App",1.59,4.5,"Early Morning","Weekend","None",0,"Medium","Cloudy"
333000,"Working Professional",34,"GrabMart","Ho Chi Minh City","Moca Wallet","Mobile App",0.98,4.4,"Morning","Weekday","None",0,"Low","Clear"
75000,"Student",22,"GrabFood","Hanoi","Cash","Mobile App",3.12,16.9,"Early Morning","Weekday","None",0,"Medium","Rain"
237000,"Corporate",41,"GrabFood","Ho Chi Minh City","Cash","Mobile App",2.18,11.8,"Morning","Weekday","None",0,"Medium","Clear"
77000,"Corporate",45,"GrabFood","Ho Chi Minh City","Card","Mobile App",1.73,9.3,"Early Morning","Weekday","None",0,"Medium","Cloudy"
190000,"Frequent User",52,"GrabFood","Ho Chi Minh City","Cash","Mobile App",1.25,7.7,"Afternoon","Weekday","MART15",2000,"High","Clear"
335000,"Tourist",29,"GrabFood","Ho Chi Minh City","Unknown","Mobile App",3.44,15.6,"Lunch","Weekday","None",0,"Low","Clear"
231000,"Student",48,"GrabFood","Ho Chi Minh City","Cash","Mobile App",9.32,38,"Early Morning","Weekend","None",0,"Low","Cloudy"
136000,"Frequent User",29,"GrabMart","Ho Chi Minh City","Card","Mobile App",2.06,12.5,"Early Morning","Weekend","FOOD20",6000,"High","Cloudy"
84000,"Student",39,"GrabFood","Da Nang","Card","Mobile App",5.67,33.2,"Evening","Weekday","RIDE10",7000,"Severe","Rain"
437000,"Corporate",61,"GrabMart","Hanoi","Moca Wallet","Mobile App",7.7,25.3,"Evening","Weekend","None",0,"Medium","Unknown"
428000,"Working Professional",54,"GrabFood","Ho Chi Minh City","Moca Wallet","Mobile App",3.12,21.8,"Early Morning","Weekend","LOYALTY",4000,"Low","Clear"
245000,"Family",26,"GrabMart","Bien Hoa","Cash","Mobile App",0.63,3.1,"Early Morning","Weekend","None",0,"High","Cloudy"
75000,"Tourist",41,"GrabFood","Ho Chi Minh City","Moca Wallet","Mobile App",3.46,14.7,"Early Morning","Weekday","None",0,"Low","Cloudy"
335000,"Student",30,"GrabMart","Nha Trang","Moca Wallet","Mobile App",1.96,10.5,"Evening","Weekday","WEEKEND",1000,"High","Clear"
347000,"Family",43,"GrabFood","Da Nang","Moca Wallet","Mobile App",4.75,25.4,"Morning","Weekday","None",0,"High","Cloudy"
208000,"Family",19,"GrabFood","Ho Chi Minh City","Cash","Mobile App",1.31,4.8,"Morning","Weekday","None",0,"Medium","Clear"
211000,"Frequent User",31,"GrabFood","Hai Phong","Card","Mobile App",4.87,22.7,"Morning","Weekday","None",0,"High","Rain"
198000,"Corporate",18,"GrabFood","Nha Trang","Cash","Mobile App",3.16,19.5,"Lunch","Weekday","None",0,"Severe","Rain"
201000,"Tourist",57,"GrabFood","Can Tho","Cash","Mobile App",1.61,8.1,"Morning","Weekday","FOOD20",2000,"Medium","Cloudy"
146000,"Working Professional",56,"GrabFood","Bien Hoa","Moca Wallet","Mobile App",5.66,26.5,"Early Morning","Weekday","None",0,"Low","Clear"
318000,"Corporate",23,"GrabMart","Nha Trang","Corporate Account","Mobile App",2.02,9.7,"Evening","Weekday","None",0,"Medium","Cloudy"
110000,"Corporate",45,"GrabFood","Hai Phong","Moca Wallet","Mobile App",1.99,9.3,"Early Morning","Weekday","None",0,"High","Cloudy"
54000,"Corporate",22,"GrabFood","Hanoi","Moca Wallet","Mobile App",3.63,11.2,"Early Morning","Weekday","None",0,"High","Clear"
267000,"Corporate",36,"GrabFood","Bien Hoa","Cash","Mobile App",2.14,6.1,"Lunch","Weekday","WELCOME",2000,"Medium","Cloudy"
212000,"Frequent User",59,"GrabMart","Ho Chi Minh City","Cash","Mobile App",4.63,17.4,"Evening","Weekday","None",0,"Unknown","Clear"
362000,"Frequent User",43,"GrabFood","Ho Chi Minh City","Cash","Mobile App",4.25,13.1,"Evening","Weekend","None",0,"Low","Clear"
199000,"Family",20,"GrabFood","Da Nang","Card","Mobile App",4.21,23,"Evening","Weekend","None",0,"High","Rain"
156000,"Family",52,"GrabFood","Hai Phong","Cash","Mobile App",3.28,10,"Afternoon","Weekend","None",0,"Low","Cloudy"
57000,"Family",40,"GrabMart","Hai Phong","Cash","Mobile App",1.4,8.9,"Evening","Weekend","None",0,"High","Clear"
107000,"Working Professional",60,"GrabMart","Hanoi","Cash","Mobile App",8.22,55.2,"Evening","Weekend","None",0,"Severe","Clear"
316000,"Working Professional",43,"GrabMart","Da Nang","Card","Mobile App",4.47,17.9,"Early Morning","Weekend","MART15",6000,"Medium","Clear"
164000,"Family",49,"GrabFood","Hanoi","Moca Wallet","Mobile App",3.12,5.5,"Afternoon","Weekday","None",0,"Medium","Heavy Rain"
310000,"Student",55,"GrabMart","Nha Trang","Corporate Account","Mobile App",1.3,6.9,"Lunch","Weekend","None",0,"High","Clear"
211000,"Tourist",52,"GrabFood","Bien Hoa","Corporate Account","Mobile App",5.5,17.9,"Early Morning","Weekday","None",0,"Low","Unknown"
398000,"Tourist",57,"GrabFood","Ho Chi Minh City","Card","Mobile App",3.12,22.5,"Early Morning","Weekday","None",0,"Medium","Rain"
64000,"Student",50,"GrabMart","Da Nang","Cash","Mobile App",2.61,10.3,"Morning","Weekday","FOOD20",5000,"High","Clear"
348000,"Family",62,"GrabFood","Hanoi","Card","Mobile App",3.13,15.2,"Morning","Weekday","None",0,"High","Cloudy"
270000,"Corporate",20,"GrabFood","Da Nang","Card","Mobile App",6.36,26.8,"Evening","Weekday","LOYALTY",10000,"Medium","Clear"
61000,"Corporate",30,"GrabFood","Hanoi","Cash","Partner App",3.18,11.9,"Evening","Weekday","None",0,"Low","Cloudy"
262000,"Family",58,"GrabFood","Ho Chi Minh City","Cash","Mobile App",2.64,12.3,"Lunch","Weekday","WEEKEND",2000,"Medium","Clear"
443000,"Corporate",26,"GrabFood","Hanoi","Moca Wallet","Mobile App",1.14,3.7,"Night","Weekday","None",0,"Medium","Clear"
319000,"Frequent User",41,"GrabFood","Hanoi","Moca Wallet","Mobile App",3.39,10,"Early Morning","Weekday","None",0,"Low","Clear"
369000,"Frequent User",39,"GrabFood","Da Nang","Moca Wallet","Mobile App",2.12,6.8,"Early Morning","Weekend","WEEKEND",2000,"Low","Clear"
321000,"Family",56,"GrabFood","Da Nang","Cash","Mobile App",1.99,7.7,"Evening","Weekday","None",0,"High","Cloudy"
131000,"Working Professional",44,"GrabMart","Hanoi","Moca Wallet","Mobile App",3.18,9.9,"Lunch","Weekday","WELCOME",2000,"Low","Clear"
145000,"Working Professional",39,"GrabFood","Hanoi","Cash","Mobile App",1.36,6.4,"Early Morning","Weekend","None",0,"High","Clear"
394000,"Student",38,"GrabMart","Ho Chi Minh City","Cash","Mobile App",4.94,21.8,"Evening","Weekend","None",0,"Medium","Cloudy"
425000,"Family",39,"GrabFood","Hanoi","Cash","Mobile App",1.97,8.9,"Lunch","Weekend","WEEKEND",4000,"High","Cloudy"
170000,"Family",49,"GrabFood","Hai Phong","Moca Wallet","Mobile App",9.32,22.5,"Early Morning","Weekend","None",0,"Low","Rain"
285000,"Family",19,"GrabFood","Hue","Cash","Mobile App",3.39,17.2,"Evening","Weekday","None",0,"Medium","Clear"
92000,"Tourist",32,"GrabMart","Da Nang","Cash","Mobile App",5.64,26.5,"Lunch","Weekday","Unknown",4000,"Low","Clear"
62000,"Working Professional",45,"GrabFood","Hanoi","Moca Wallet","Mobile App",2.31,10.9,"Evening","Weekday","None",0,"Medium","Rain"
339000,"Working Professional",31,"GrabFood","Ho Chi Minh City","Cash","Mobile App",2.45,11.9,"Lunch","Weekend","WELCOME",3000,"Medium","Cloudy"
126000,"Student",40,"GrabFood","Ho Chi Minh City","Cash","Mobile App",4.75,18.2,"Afternoon","Weekend","WEEKEND",7000,"Medium","Heavy Rain"
139000,"Family",34,"GrabFood","Nha Trang","Moca Wallet","Mobile App",4.65,12,"Early Morning","Weekday","WEEKEND",6000,"Medium","Cloudy"
80000,"Working Professional",59,"GrabFood","Ho Chi Minh City","Moca Wallet","Mobile App",2.7,10.5,"Afternoon","Weekday","WEEKEND",3000,"High","Cloudy"
426000,"Working Professional",32,"GrabMart","Hai Phong","Card","Mobile App",2.22,16.2,"Early Morning","Weekday","WEEKEND",3000,"Severe","Cloudy"
247000,"Student",47,"GrabFood","Ho Chi Minh City","Card","Mobile App",2.52,7.9,"Early Morning","Weekend","RIDE10",4000,"Low","Clear"
328000,"Working Professional",33,"GrabFood","Bien Hoa","Cash","Mobile App",2.2,6.1,"Afternoon","Weekday","RIDE10",1000,"Low","Clear"
275000,"Working Professional",27,"GrabMart","Ho Chi Minh City","Moca Wallet","Partner App",11.7,56.3,"Afternoon","Weekday","LOYALTY",12000,"Severe","Clear"
270000,"Student",41,"GrabFood","Ho Chi Minh City","Card","Mobile App",2.36,10.4,"Night","Weekday","None",0,"Low","Clear"
324000,"Tourist",45,"GrabFood","Da Nang","Cash","Mobile App",6.98,32.5,"Afternoon","Weekend","None",0,"Severe","Cloudy"
296000,"Family",46,"GrabMart","Can Tho","Cash","Mobile App",4.03,13.2,"Early Morning","Weekday","WEEKEND",3000,"Medium","Unknown"
406000,"Student",29,"GrabMart","Hanoi","Card","Mobile App",16.2,109.7,"Evening","Weekday","None",0,"Severe","Cloudy"
399000,"Tourist",51,"GrabFood","Bien Hoa","Card","Mobile App",4.77,24.4,"Night","Weekday","RIDE10",4000,"Medium","Clear"
392000,"Frequent User",42,"GrabMart","Da Nang","Cash","Mobile App",1.66,7.7,"Early Morning","Weekday","RIDE10",4000,"High","Cloudy"
132000,"Student",27,"GrabFood","Hanoi","Card","Mobile App",2.42,13.1,"Lunch","Weekday","None",0,"Medium","Rain"
94000,"Corporate",33,"GrabFood","Ho Chi Minh City","Moca Wallet","Mobile App",2.51,17.2,"Evening","Weekday","WEEKEND",7000,"Severe","Cloudy"
55000,"Family",23,"GrabFood","Da Nang","Cash","Mobile App",12.3,47.6,"Early Morning","Weekday","None",0,"Low","Clear"
80000,"Working Professional",41,"GrabMart","Da Nang","Card","Mobile App",2.4,8.4,"Night","Weekend","Unknown",0,"Medium","Cloudy"
118000,"Corporate",36,"GrabFood","Ho Chi Minh City","Card","Mobile App",2.25,13.9,"Night","Weekend","WEEKEND",5000,"High","Clear"
99000,"Corporate",56,"GrabFood","Da Nang","Card","Mobile App",3.87,15.5,"Early Morning","Weekday","None",0,"Low","Cloudy"
313000,"Corporate",51,"GrabFood","Hanoi","Moca Wallet","Partner App",0.81,3.7,"Morning","Weekday","WEEKEND",3000,"Medium","Clear"
178000,"Working Professional",60,"GrabFood","Hanoi","Moca Wallet","Mobile App",7.08,30.4,"Evening","Weekend","WEEKEND",10000,"Medium","Heavy Rain"
